year,month,sensor,n_scenes
2013,4,LC08,1
2013,5,LC08,1
2013,6,LC08,2
2013,7,LC08,1
2013,8,LC08,2
2013,9,LC08,2
2013,10,LC08,1
2013,11,LC08,2
2013,12,LC08,2
2014,1,LC08,1
2014,2,LC08,2
2014,3,LC08,2
2014,4,LC08,1
2014,5,LC08,1
2014,6,LC08,2
2014,7,LC08,2
2014,8,LC08,2
2014,9,LC08,2
2014,10,LC08,2
2014,11,LC08,2
2014,12,LC08,2
2015,1,LC08,2
2015,2,LC08,2
2015,3,LC08,1
2015,4,LC08,2
2015,5,LC08,2
2015,6,LC08,2
2015,7,LC08,2
2015,8,LC08,2
2015,9,LC08,2
2015,10,LC08,2
2015,11,LC08,2
2015,12,LC08,2
2016,1,LC08,2
2016,2,LC08,1
2016,3,LC08,2
2016,4,LC08,2
2016,5,LC08,2
2016,6,LC08,2
2016,7,LC08,2
2016,8,LC08,2
2016,9,LC08,2
2016,10,LC08,2
2016,11,LC08,2
2016,12,LC08,2
2017,1,LC08,1
2017,2,LC08,2
2017,3,LC08,2
2017,4,LC08,2
2017,5,LC08,2
2017,6,LC08,2
2017,7,LC08,2
2017,8,LC08,2
2017,9,LC08,1
2017,10,LC08,2
2017,11,LC08,1
2017,12,LC08,2
2018,1,LC08,2
2018,2,LC08,2
2018,3,LC08,2
2018,4,LC08,2
2018,5,LC08,2
2018,6,LC08,2
2018,7,LC08,2
2018,8,LC08,1
2018,9,LC08,1
2018,10,LC08,2
2018,11,LC08,2
2018,12,LC08,2
2019,1,LC08,2
2019,2,LC08,2
2019,3,LC08,2
2019,4,LC08,2
2019,5,LC08,2
2019,6,LC08,1
2019,7,LC08,2
2019,8,LC08,2
2019,9,LC08,1
2019,10,LC08,2
2019,11,LC08,2
2019,12,LC08,2
2020,1,LC08,2
2020,2,LC08,2
2020,3,LC08,2
2020,4,LC08,2
2020,5,LC08,1
2020,6,LC08,2
2020,7,LC08,2
2020,8,LC08,2
2020,9,LC08,2
2020,10,LC08,2
2020,11,LC08,1
2020,12,LC08,2
2021,1,LC08,2
2021,2,LC08,2
2021,3,LC08,1
2021,4,LC08,2
2021,5,LC08,2
2021,6,LC08,2
2021,7,LC08,2
2021,8,LC08,2
2021,9,LC08,2
2021,10,LC08,2
2021,11,LC08,2
2021,12,LC08,2
2021,12,LC09,2
2022,1,LC08,2
2022,1,LC09,2
2022,2,LC08,1
2022,2,LC09,2
2022,3,LC08,2
2022,3,LC09,2
2022,4,LC08,2
2022,4,LC09,2
2022,5,LC08,1
2022,5,LC09,2
2022,6,LC08,2
2022,6,LC09,1
2022,7,LC08,2
2022,7,LC09,2
2022,8,LC08,1
2022,8,LC09,2
2022,9,LC08,2
2022,9,LC09,2
2022,10,LC08,2
2022,10,LC09,2
2022,11,LC08,2
2022,11,LC09,1
2022,12,LC08,1
2022,12,LC09,2
2023,1,LC08,2
2023,1,LC09,2
2023,2,LC08,2
2023,2,LC09,2
2023,3,LC08,2
2023,3,LC09,2
2023,4,LC09,1
2023,5,LC08,2
2023,5,LC09,2
2023,6,LC08,2
2023,6,LC09,2
2023,7,LC08,2
2023,7,LC09,2
2023,8,LC08,2
2023,8,LC09,2
2023,9,LC08,2
2023,9,LC09,2
2023,10,LC08,1
2023,10,LC09,1
2023,11,LC08,2
2023,11,LC09,2
2023,12,LC08,2
2023,12,LC09,2
2024,1,LC08,2
2024,1,LC09,2
2024,2,LC08,2
2024,2,LC09,2
2024,3,LC08,2
2024,3,LC09,1
2024,4,LC08,2
2024,4,LC09,2
2024,5,LC08,1
2024,5,LC09,2
2024,6,LC08,2
2024,6,LC09,1
2024,7,LC08,2
2024,7,LC09,2
2024,8,LC08,2
2024,8,LC09,2
2024,9,LC08,1
2024,9,LC09,2
2024,10,LC08,2
2024,10,LC09,2
2024,11,LC08,1
2024,11,LC09,2
2024,12,LC08,2
2024,12,LC09,2
2025,1,LC08,2
2025,1,LC09,2
2025,2,LC08,2
2025,2,LC09,1
2025,3,LC08,2
2025,3,LC09,2
2025,4,LC08,2
2025,4,LC09,2
2025,5,LC08,2
2025,5,LC09,1
2025,6,LC08,1
2025,6,LC09,1
2025,7,LC08,2
2025,7,LC09,2
2025,8,LC08,2
2025,8,LC09,2
2025,9,LC08,2
2025,9,LC09,2
2025,10,LC08,2
2025,10,LC09,2
2025,11,LC08,2
2025,11,LC09,2
2025,12,LC08,2
2025,12,LC09,1
