scene_id,sensor,date,year,month,doy,wrs_path,wrs_row,cloud_cover,cloud_cover_land,collection_category,processing_level,spacecraft_id
LC08_L2SP_009052_20130401_20200913_02_T1,LC08,2013-04-01,2013,4,91,9,52,8.2,21.5,T1,L2SP,LANDSAT_8
LC08_L2SP_009052_20130513_20200912_02_T1,LC08,2013-05-13,2013,5,133,9,52,16.2,24.11,T1,L2SP,LANDSAT_8
LC08_L2SP_009052_20130614_20200912_02_T1,LC08,2013-06-14,2013,6,165,9,52,17.2,15.33,T1,L2SP,LANDSAT_8
LC08_L2SP_009052_20130630_20200912_02_T1,LC08,2013-06-30,2013,6,181,9,52,64.25,15.68,T1,L2SP,LANDSAT_8
LC08_L2SP_009052_20130716_20200912_02_T1,LC08,2013-07-16,2013,7,197,9,52,73.55,52.27,T1,L2SP,LANDSAT_8
LC08_L2SP_009052_20130801_20200912_02_T1,LC08,2013-08-01,2013,8,213,9,52,57.53,26.26,T1,L2SP,LANDSAT_8
LC08_L2SP_009052_20130817_20200913_02_T1,LC08,2013-08-17,2013,8,229,9,52,21.81,32.07,T1,L2SP,LANDSAT_8
LC08_L2SP_009052_20130902_20200912_02_T1,LC08,2013-09-02,2013,9,245,9,52,11.01,27.56,T1,L2SP,LANDSAT_8
LC08_L2SP_009052_20130918_20200912_02_T1,LC08,2013-09-18,2013,9,261,9,52,32.34,70.99,T1,L2SP,LANDSAT_8
LC08_L2SP_009052_20131020_20200912_02_T1,LC08,2013-10-20,2013,10,293,9,52,10.65,23.25,T1,L2SP,LANDSAT_8
LC08_L2SP_009052_20131105_20200912_02_T1,LC08,2013-11-05,2013,11,309,9,52,29.46,58.5,T1,L2SP,LANDSAT_8
LC08_L2SP_009052_20131121_20200912_02_T1,LC08,2013-11-21,2013,11,325,9,52,3.75,13.2,T1,L2SP,LANDSAT_8
LC08_L2SP_009052_20131207_20200912_02_T1,LC08,2013-12-07,2013,12,341,9,52,5.1,14.95,T1,L2SP,LANDSAT_8
LC08_L2SP_009052_20131223_20200912_02_T1,LC08,2013-12-23,2013,12,357,9,52,2.82,2.03,T1,L2SP,LANDSAT_8
LC08_L2SP_009052_20140124_20200912_02_T1,LC08,2014-01-24,2014,1,24,9,52,5.98,14.31,T1,L2SP,LANDSAT_8
LC08_L2SP_009052_20140209_20200911_02_T1,LC08,2014-02-09,2014,2,40,9,52,12.16,5.59,T1,L2SP,LANDSAT_8
LC08_L2SP_009052_20140225_20200911_02_T1,LC08,2014-02-25,2014,2,56,9,52,4.13,11.84,T1,L2SP,LANDSAT_8
LC08_L2SP_009052_20140313_20200911_02_T1,LC08,2014-03-13,2014,3,72,9,52,23.49,12.26,T1,L2SP,LANDSAT_8
LC08_L2SP_009052_20140329_20200912_02_T1,LC08,2014-03-29,2014,3,88,9,52,1.23,3.97,T1,L2SP,LANDSAT_8
LC08_L2SP_009052_20140414_20200911_02_T1,LC08,2014-04-14,2014,4,104,9,52,40.18,17.81,T1,L2SP,LANDSAT_8
LC08_L2SP_009052_20140516_20200911_02_T1,LC08,2014-05-16,2014,5,136,9,52,83.84,75.38,T1,L2SP,LANDSAT_8
LC08_L2SP_009052_20140601_20200911_02_T1,LC08,2014-06-01,2014,6,152,9,52,28.2,50.42,T1,L2SP,LANDSAT_8
LC08_L2SP_009052_20140617_20200911_02_T1,LC08,2014-06-17,2014,6,168,9,52,59.52,23.75,T1,L2SP,LANDSAT_8
LC08_L2SP_009052_20140703_20200911_02_T1,LC08,2014-07-03,2014,7,184,9,52,6.35,17.81,T1,L2SP,LANDSAT_8
LC08_L2SP_009052_20140719_20200911_02_T1,LC08,2014-07-19,2014,7,200,9,52,15.21,10.22,T1,L2SP,LANDSAT_8
LC08_L2SP_009052_20140804_20200911_02_T1,LC08,2014-08-04,2014,8,216,9,52,9.92,18.13,T1,L2SP,LANDSAT_8
LC08_L2SP_009052_20140820_20200911_02_T1,LC08,2014-08-20,2014,8,232,9,52,34.59,13.57,T1,L2SP,LANDSAT_8
LC08_L2SP_009052_20140905_20200911_02_T1,LC08,2014-09-05,2014,9,248,9,52,15.24,9.53,T1,L2SP,LANDSAT_8
LC08_L2SP_009052_20140921_20200910_02_T1,LC08,2014-09-21,2014,9,264,9,52,50.44,51.08,T1,L2SP,LANDSAT_8
LC08_L2SP_009052_20141007_20200911_02_T1,LC08,2014-10-07,2014,10,280,9,52,30.12,39.58,T1,L2SP,LANDSAT_8
LC08_L2SP_009052_20141023_20200910_02_T1,LC08,2014-10-23,2014,10,296,9,52,3.9,13.87,T1,L2SP,LANDSAT_8
LC08_L2SP_009052_20141108_20200910_02_T1,LC08,2014-11-08,2014,11,312,9,52,6.31,25.2,T1,L2SP,LANDSAT_8
LC08_L2SP_009052_20141124_20200910_02_T1,LC08,2014-11-24,2014,11,328,9,52,5.32,11.03,T1,L2SP,LANDSAT_8
LC08_L2SP_009052_20141210_20200910_02_T1,LC08,2014-12-10,2014,12,344,9,52,89.76,99.48,T1,L2SP,LANDSAT_8
LC08_L2SP_009052_20141226_20200910_02_T1,LC08,2014-12-26,2014,12,360,9,52,6.03,7.41,T1,L2SP,LANDSAT_8
LC08_L2SP_009052_20150111_20200910_02_T1,LC08,2015-01-11,2015,1,11,9,52,11.18,5.08,T1,L2SP,LANDSAT_8
LC08_L2SP_009052_20150127_20200909_02_T1,LC08,2015-01-27,2015,1,27,9,52,14.93,19.59,T1,L2SP,LANDSAT_8
LC08_L2SP_009052_20150212_20200910_02_T1,LC08,2015-02-12,2015,2,43,9,52,12.06,13.49,T1,L2SP,LANDSAT_8
LC08_L2SP_009052_20150228_20200909_02_T1,LC08,2015-02-28,2015,2,59,9,52,22.16,17.9,T1,L2SP,LANDSAT_8
LC08_L2SP_009052_20150316_20200909_02_T1,LC08,2015-03-16,2015,3,75,9,52,8.92,25.27,T1,L2SP,LANDSAT_8
LC08_L2SP_009052_20150401_20200909_02_T1,LC08,2015-04-01,2015,4,91,9,52,2.72,10.64,T1,L2SP,LANDSAT_8
LC08_L2SP_009052_20150417_20200909_02_T1,LC08,2015-04-17,2015,4,107,9,52,20.11,50.25,T1,L2SP,LANDSAT_8
LC08_L2SP_009052_20150503_20200909_02_T1,LC08,2015-05-03,2015,5,123,9,52,10.14,14.07,T1,L2SP,LANDSAT_8
LC08_L2SP_009052_20150519_20201015_02_T1,LC08,2015-05-19,2015,5,139,9,52,65.59,56.94,T1,L2SP,LANDSAT_8
LC08_L2SP_009052_20150604_20200909_02_T1,LC08,2015-06-04,2015,6,155,9,52,17.74,13.51,T1,L2SP,LANDSAT_8
LC08_L2SP_009052_20150620_20200909_02_T1,LC08,2015-06-20,2015,6,171,9,52,52.66,20.78,T1,L2SP,LANDSAT_8
LC08_L2SP_009052_20150706_20200909_02_T1,LC08,2015-07-06,2015,7,187,9,52,61.41,58.53,T1,L2SP,LANDSAT_8
LC08_L2SP_009052_20150722_20200908_02_T1,LC08,2015-07-22,2015,7,203,9,52,38.3,68.6,T1,L2SP,LANDSAT_8
LC08_L2SP_009052_20150807_20200908_02_T1,LC08,2015-08-07,2015,8,219,9,52,11.25,14.77,T1,L2SP,LANDSAT_8
LC08_L2SP_009052_20150823_20200908_02_T1,LC08,2015-08-23,2015,8,235,9,52,10.01,37.63,T1,L2SP,LANDSAT_8
LC08_L2SP_009052_20150908_20200908_02_T1,LC08,2015-09-08,2015,9,251,9,52,6.36,19.15,T1,L2SP,LANDSAT_8
LC08_L2SP_009052_20150924_20200908_02_T1,LC08,2015-09-24,2015,9,267,9,52,58.93,87.59,T1,L2SP,LANDSAT_8
LC08_L2SP_009052_20151010_20200908_02_T1,LC08,2015-10-10,2015,10,283,9,52,28.13,38.14,T1,L2SP,LANDSAT_8
LC08_L2SP_009052_20151026_20200908_02_T1,LC08,2015-10-26,2015,10,299,9,52,80.98,99.88,T1,L2SP,LANDSAT_8
LC08_L2SP_009052_20151111_20200908_02_T1,LC08,2015-11-11,2015,11,315,9,52,58.31,47.49,T1,L2SP,LANDSAT_8
LC08_L2SP_009052_20151127_20200908_02_T1,LC08,2015-11-27,2015,11,331,9,52,2.22,3.85,T1,L2SP,LANDSAT_8
LC08_L2SP_009052_20151213_20200908_02_T1,LC08,2015-12-13,2015,12,347,9,52,18.91,24.42,T1,L2SP,LANDSAT_8
LC08_L2SP_009052_20151229_20200908_02_T1,LC08,2015-12-29,2015,12,363,9,52,9.18,2.94,T1,L2SP,LANDSAT_8
LC08_L2SP_009052_20160114_20200907_02_T1,LC08,2016-01-14,2016,1,14,9,52,0.89,0.77,T1,L2SP,LANDSAT_8
LC08_L2SP_009052_20160130_20200907_02_T1,LC08,2016-01-30,2016,1,30,9,52,9.83,40.01,T1,L2SP,LANDSAT_8
LC08_L2SP_009052_20160215_20200907_02_T1,LC08,2016-02-15,2016,2,46,9,52,7.08,11.49,T1,L2SP,LANDSAT_8
LC08_L2SP_009052_20160302_20200907_02_T1,LC08,2016-03-02,2016,3,62,9,52,6.68,5.3,T1,L2SP,LANDSAT_8
LC08_L2SP_009052_20160318_20200907_02_T1,LC08,2016-03-18,2016,3,78,9,52,26.48,30.64,T1,L2SP,LANDSAT_8
LC08_L2SP_009052_20160403_20200907_02_T1,LC08,2016-04-03,2016,4,94,9,52,15.46,34.47,T1,L2SP,LANDSAT_8
LC08_L2SP_009052_20160419_20200907_02_T1,LC08,2016-04-19,2016,4,110,9,52,37.01,56.47,T1,L2SP,LANDSAT_8
LC08_L2SP_009052_20160505_20200907_02_T1,LC08,2016-05-05,2016,5,126,9,52,12.69,36.45,T1,L2SP,LANDSAT_8
LC08_L2SP_009052_20160521_20200906_02_T1,LC08,2016-05-21,2016,5,142,9,52,14.45,11.36,T1,L2SP,LANDSAT_8
LC08_L2SP_009052_20160606_20200906_02_T1,LC08,2016-06-06,2016,6,158,9,52,12.38,19.33,T1,L2SP,LANDSAT_8
LC08_L2SP_009052_20160622_20200906_02_T1,LC08,2016-06-22,2016,6,174,9,52,8.48,19.51,T1,L2SP,LANDSAT_8
LC08_L2SP_009052_20160708_20200906_02_T1,LC08,2016-07-08,2016,7,190,9,52,35.78,12.68,T1,L2SP,LANDSAT_8
LC08_L2SP_009052_20160724_20200906_02_T1,LC08,2016-07-24,2016,7,206,9,52,8.98,19.36,T1,L2SP,LANDSAT_8
LC08_L2SP_009052_20160809_20200906_02_T1,LC08,2016-08-09,2016,8,222,9,52,16.47,23.81,T1,L2SP,LANDSAT_8
LC08_L2SP_009052_20160825_20200906_02_T1,LC08,2016-08-25,2016,8,238,9,52,47.71,68.11,T1,L2SP,LANDSAT_8
LC08_L2SP_009052_20160910_20200906_02_T1,LC08,2016-09-10,2016,9,254,9,52,21.62,45.27,T1,L2SP,LANDSAT_8
LC08_L2SP_009052_20160926_20200906_02_T1,LC08,2016-09-26,2016,9,270,9,52,8.29,16.91,T1,L2SP,LANDSAT_8
LC08_L2SP_009052_20161012_20200905_02_T1,LC08,2016-10-12,2016,10,286,9,52,97.7,99.8,T1,L2SP,LANDSAT_8
LC08_L2SP_009052_20161028_20200905_02_T1,LC08,2016-10-28,2016,10,302,9,52,13.0,30.9,T1,L2SP,LANDSAT_8
LC08_L2SP_009052_20161113_20200905_02_T1,LC08,2016-11-13,2016,11,318,9,52,46.54,26.74,T1,L2SP,LANDSAT_8
LC08_L2SP_009052_20161129_20200905_02_T1,LC08,2016-11-29,2016,11,334,9,52,19.56,46.49,T1,L2SP,LANDSAT_8
LC08_L2SP_009052_20161215_20200905_02_T1,LC08,2016-12-15,2016,12,350,9,52,15.82,7.38,T1,L2SP,LANDSAT_8
LC08_L2SP_009052_20161231_20200905_02_T1,LC08,2016-12-31,2016,12,366,9,52,3.14,13.87,T1,L2SP,LANDSAT_8
LC08_L2SP_009052_20170116_20200905_02_T1,LC08,2017-01-16,2017,1,16,9,52,4.36,7.02,T1,L2SP,LANDSAT_8
LC08_L2SP_009052_20170201_20200905_02_T1,LC08,2017-02-01,2017,2,32,9,52,10.67,13.27,T1,L2SP,LANDSAT_8
LC08_L2SP_009052_20170217_20200905_02_T1,LC08,2017-02-17,2017,2,48,9,52,10.34,34.75,T1,L2SP,LANDSAT_8
LC08_L2SP_009052_20170305_20200905_02_T1,LC08,2017-03-05,2017,3,64,9,52,13.56,28.92,T1,L2SP,LANDSAT_8
LC08_L2SP_009052_20170321_20200904_02_T1,LC08,2017-03-21,2017,3,80,9,52,14.26,52.37,T1,L2SP,LANDSAT_8
LC08_L2SP_009052_20170406_20200904_02_T1,LC08,2017-04-06,2017,4,96,9,52,20.47,11.25,T1,L2SP,LANDSAT_8
LC08_L2SP_009052_20170422_20201015_02_T1,LC08,2017-04-22,2017,4,112,9,52,9.86,30.32,T1,L2SP,LANDSAT_8
LC08_L2SP_009052_20170508_20200904_02_T1,LC08,2017-05-08,2017,5,128,9,52,91.81,100.0,T1,L2SP,LANDSAT_8
LC08_L2SP_009052_20170524_20200903_02_T1,LC08,2017-05-24,2017,5,144,9,52,28.57,21.61,T1,L2SP,LANDSAT_8
LC08_L2SP_009052_20170609_20200903_02_T1,LC08,2017-06-09,2017,6,160,9,52,88.01,100.0,T1,L2SP,LANDSAT_8
LC08_L2SP_009052_20170625_20201016_02_T1,LC08,2017-06-25,2017,6,176,9,52,78.2,99.71,T1,L2SP,LANDSAT_8
LC08_L2SP_009052_20170711_20200903_02_T1,LC08,2017-07-11,2017,7,192,9,52,100.0,99.99,T1,L2SP,LANDSAT_8
LC08_L2SP_009052_20170727_20200903_02_T1,LC08,2017-07-27,2017,7,208,9,52,17.8,35.28,T1,L2SP,LANDSAT_8
LC08_L2SP_009052_20170812_20200903_02_T1,LC08,2017-08-12,2017,8,224,9,52,98.48,98.49,T1,L2SP,LANDSAT_8
LC08_L2SP_009052_20170828_20200903_02_T1,LC08,2017-08-28,2017,8,240,9,52,65.94,99.0,T1,L2SP,LANDSAT_8
LC08_L2SP_009052_20170913_20200903_02_T1,LC08,2017-09-13,2017,9,256,9,52,94.59,100.0,T1,L2SP,LANDSAT_8
LC08_L2SP_009052_20171015_20200902_02_T1,LC08,2017-10-15,2017,10,288,9,52,70.73,60.94,T1,L2SP,LANDSAT_8
LC08_L2SP_009052_20171031_20200902_02_T1,LC08,2017-10-31,2017,10,304,9,52,6.5,17.84,T1,L2SP,LANDSAT_8
LC08_L2SP_009052_20171116_20200902_02_T1,LC08,2017-11-16,2017,11,320,9,52,51.22,42.07,T1,L2SP,LANDSAT_8
LC08_L2SP_009052_20171202_20200902_02_T1,LC08,2017-12-02,2017,12,336,9,52,10.0,12.15,T1,L2SP,LANDSAT_8
LC08_L2SP_009052_20171218_20200902_02_T1,LC08,2017-12-18,2017,12,352,9,52,11.15,8.34,T1,L2SP,LANDSAT_8
LC08_L2SP_009052_20180103_20200902_02_T1,LC08,2018-01-03,2018,1,3,9,52,45.29,21.5,T1,L2SP,LANDSAT_8
LC08_L2SP_009052_20180119_20200902_02_T1,LC08,2018-01-19,2018,1,19,9,52,27.61,21.25,T1,L2SP,LANDSAT_8
LC08_L2SP_009052_20180204_20200902_02_T1,LC08,2018-02-04,2018,2,35,9,52,0.33,1.13,T1,L2SP,LANDSAT_8
LC08_L2SP_009052_20180220_20200902_02_T1,LC08,2018-02-20,2018,2,51,9,52,1.28,6.03,T1,L2SP,LANDSAT_8
LC08_L2SP_009052_20180308_20200901_02_T1,LC08,2018-03-08,2018,3,67,9,52,27.44,18.45,T1,L2SP,LANDSAT_8
LC08_L2SP_009052_20180324_20200901_02_T1,LC08,2018-03-24,2018,3,83,9,52,7.86,32.21,T1,L2SP,LANDSAT_8
LC08_L2SP_009052_20180409_20201015_02_T1,LC08,2018-04-09,2018,4,99,9,52,15.37,50.35,T1,L2SP,LANDSAT_8
LC08_L2SP_009052_20180425_20200901_02_T1,LC08,2018-04-25,2018,4,115,9,52,51.45,51.39,T1,L2SP,LANDSAT_8
LC08_L2SP_009052_20180511_20200901_02_T1,LC08,2018-05-11,2018,5,131,9,52,78.48,97.19,T1,L2SP,LANDSAT_8
LC08_L2SP_009052_20180527_20200901_02_T1,LC08,2018-05-27,2018,5,147,9,52,75.98,60.49,T1,L2SP,LANDSAT_8
LC08_L2SP_009052_20180612_20200831_02_T1,LC08,2018-06-12,2018,6,163,9,52,18.81,23.48,T1,L2SP,LANDSAT_8
LC08_L2SP_009052_20180628_20200831_02_T1,LC08,2018-06-28,2018,6,179,9,52,73.92,51.14,T1,L2SP,LANDSAT_8
LC08_L2SP_009052_20180714_20200831_02_T1,LC08,2018-07-14,2018,7,195,9,52,31.97,52.88,T1,L2SP,LANDSAT_8
LC08_L2SP_009052_20180730_20200831_02_T1,LC08,2018-07-30,2018,7,211,9,52,29.8,48.88,T1,L2SP,LANDSAT_8
LC08_L2SP_009052_20180831_20200831_02_T1,LC08,2018-08-31,2018,8,243,9,52,8.68,22.54,T1,L2SP,LANDSAT_8
LC08_L2SP_009052_20180916_20200830_02_T1,LC08,2018-09-16,2018,9,259,9,52,88.38,100.0,T1,L2SP,LANDSAT_8
LC08_L2SP_009052_20181002_20200830_02_T1,LC08,2018-10-02,2018,10,275,9,52,100.0,100.0,T1,L2SP,LANDSAT_8
LC08_L2SP_009052_20181018_20200830_02_T1,LC08,2018-10-18,2018,10,291,9,52,25.68,56.98,T1,L2SP,LANDSAT_8
LC08_L2SP_009052_20181103_20200830_02_T1,LC08,2018-11-03,2018,11,307,9,52,27.5,63.5,T1,L2SP,LANDSAT_8
LC08_L2SP_009052_20181119_20200830_02_T1,LC08,2018-11-19,2018,11,323,9,52,7.36,25.63,T1,L2SP,LANDSAT_8
LC08_L2SP_009052_20181205_20200830_02_T1,LC08,2018-12-05,2018,12,339,9,52,2.65,3.73,T1,L2SP,LANDSAT_8
LC08_L2SP_009052_20181221_20200830_02_T1,LC08,2018-12-21,2018,12,355,9,52,56.67,61.2,T1,L2SP,LANDSAT_8
LC08_L2SP_009052_20190106_20200830_02_T1,LC08,2019-01-06,2019,1,6,9,52,4.48,7.88,T1,L2SP,LANDSAT_8
LC08_L2SP_009052_20190122_20200829_02_T1,LC08,2019-01-22,2019,1,22,9,52,4.55,6.02,T1,L2SP,LANDSAT_8
LC08_L2SP_009052_20190207_20200829_02_T1,LC08,2019-02-07,2019,2,38,9,52,13.09,10.72,T1,L2SP,LANDSAT_8
LC08_L2SP_009052_20190223_20200829_02_T1,LC08,2019-02-23,2019,2,54,9,52,36.39,33.44,T1,L2SP,LANDSAT_8
LC08_L2SP_009052_20190311_20200829_02_T1,LC08,2019-03-11,2019,3,70,9,52,9.61,21.32,T1,L2SP,LANDSAT_8
LC08_L2SP_009052_20190327_20200829_02_T1,LC08,2019-03-27,2019,3,86,9,52,4.95,8.14,T1,L2SP,LANDSAT_8
LC08_L2SP_009052_20190412_20200828_02_T1,LC08,2019-04-12,2019,4,102,9,52,42.01,28.37,T1,L2SP,LANDSAT_8
LC08_L2SP_009052_20190428_20200829_02_T1,LC08,2019-04-28,2019,4,118,9,52,20.27,23.05,T1,L2SP,LANDSAT_8
LC08_L2SP_009052_20190514_20200828_02_T1,LC08,2019-05-14,2019,5,134,9,52,28.36,58.04,T1,L2SP,LANDSAT_8
LC08_L2SP_009052_20190530_20200828_02_T1,LC08,2019-05-30,2019,5,150,9,52,94.47,100.0,T1,L2SP,LANDSAT_8
LC08_L2SP_009052_20190615_20200828_02_T1,LC08,2019-06-15,2019,6,166,9,52,9.73,26.49,T1,L2SP,LANDSAT_8
LC08_L2SP_009052_20190701_20200827_02_T1,LC08,2019-07-01,2019,7,182,9,52,56.85,33.86,T1,L2SP,LANDSAT_8
LC08_L2SP_009052_20190717_20200827_02_T1,LC08,2019-07-17,2019,7,198,9,52,31.17,15.79,T1,L2SP,LANDSAT_8
LC08_L2SP_009052_20190802_20200827_02_T1,LC08,2019-08-02,2019,8,214,9,52,13.69,23.06,T1,L2SP,LANDSAT_8
LC08_L2SP_009052_20190818_20200827_02_T1,LC08,2019-08-18,2019,8,230,9,52,27.55,25.54,T1,L2SP,LANDSAT_8
LC08_L2SP_009052_20190903_20200826_02_T1,LC08,2019-09-03,2019,9,246,9,52,46.54,19.49,T1,L2SP,LANDSAT_8
LC08_L2SP_009052_20191005_20200825_02_T1,LC08,2019-10-05,2019,10,278,9,52,43.55,10.11,T1,L2SP,LANDSAT_8
LC08_L2SP_009052_20191021_20200825_02_T1,LC08,2019-10-21,2019,10,294,9,52,89.18,88.82,T1,L2SP,LANDSAT_8
LC08_L2SP_009052_20191106_20200825_02_T1,LC08,2019-11-06,2019,11,310,9,52,26.11,40.38,T1,L2SP,LANDSAT_8
LC08_L2SP_009052_20191122_20200825_02_T1,LC08,2019-11-22,2019,11,326,9,52,8.06,23.17,T1,L2SP,LANDSAT_8
LC08_L2SP_009052_20191208_20200825_02_T1,LC08,2019-12-08,2019,12,342,9,52,14.11,14.3,T1,L2SP,LANDSAT_8
LC08_L2SP_009052_20191224_20200824_02_T1,LC08,2019-12-24,2019,12,358,9,52,17.89,6.31,T1,L2SP,LANDSAT_8
LC08_L2SP_009052_20200109_20200823_02_T1,LC08,2020-01-09,2020,1,9,9,52,3.44,8.28,T1,L2SP,LANDSAT_8
LC08_L2SP_009052_20200125_20200823_02_T1,LC08,2020-01-25,2020,1,25,9,52,10.42,21.16,T1,L2SP,LANDSAT_8
LC08_L2SP_009052_20200210_20200823_02_T1,LC08,2020-02-10,2020,2,41,9,52,12.81,8.78,T1,L2SP,LANDSAT_8
LC08_L2SP_009052_20200226_20200822_02_T1,LC08,2020-02-26,2020,2,57,9,52,5.79,21.32,T1,L2SP,LANDSAT_8
LC08_L2SP_009052_20200313_20200822_02_T1,LC08,2020-03-13,2020,3,73,9,52,6.89,14.49,T1,L2SP,LANDSAT_8
LC08_L2SP_009052_20200329_20200822_02_T1,LC08,2020-03-29,2020,3,89,9,52,2.51,9.18,T1,L2SP,LANDSAT_8
LC08_L2SP_009052_20200414_20200822_02_T1,LC08,2020-04-14,2020,4,105,9,52,4.57,20.54,T1,L2SP,LANDSAT_8
LC08_L2SP_009052_20200430_20200820_02_T1,LC08,2020-04-30,2020,4,121,9,52,21.45,24.52,T1,L2SP,LANDSAT_8
LC08_L2SP_009052_20200516_20200820_02_T1,LC08,2020-05-16,2020,5,137,9,52,34.86,21.33,T1,L2SP,LANDSAT_8
LC08_L2SP_009052_20200601_20200824_02_T1,LC08,2020-06-01,2020,6,153,9,52,29.68,57.35,T1,L2SP,LANDSAT_8
LC08_L2SP_009052_20200617_20200824_02_T1,LC08,2020-06-17,2020,6,169,9,52,36.14,44.16,T1,L2SP,LANDSAT_8
LC08_L2SP_009052_20200703_20200913_02_T1,LC08,2020-07-03,2020,7,185,9,52,38.58,19.04,T1,L2SP,LANDSAT_8
LC08_L2SP_009052_20200719_20200911_02_T1,LC08,2020-07-19,2020,7,201,9,52,36.41,26.02,T1,L2SP,LANDSAT_8
LC08_L2SP_009052_20200804_20200915_02_T1,LC08,2020-08-04,2020,8,217,9,52,20.33,14.64,T1,L2SP,LANDSAT_8
LC08_L2SP_009052_20200820_20200905_02_T1,LC08,2020-08-20,2020,8,233,9,52,43.23,65.7,T1,L2SP,LANDSAT_8
LC08_L2SP_009052_20200905_20200918_02_T1,LC08,2020-09-05,2020,9,249,9,52,21.01,4.23,T1,L2SP,LANDSAT_8
LC08_L2SP_009052_20200921_20201006_02_T1,LC08,2020-09-21,2020,9,265,9,52,17.79,27.81,T1,L2SP,LANDSAT_8
LC08_L2SP_009052_20201007_20220526_02_T1,LC08,2020-10-07,2020,10,281,9,52,36.46,30.59,T1,L2SP,LANDSAT_8
LC08_L2SP_009052_20201023_20201105_02_T1,LC08,2020-10-23,2020,10,297,9,52,73.2,25.94,T1,L2SP,LANDSAT_8
LC08_L2SP_009052_20201124_20210316_02_T1,LC08,2020-11-24,2020,11,329,9,52,15.17,38.53,T1,L2SP,LANDSAT_8
LC08_L2SP_009052_20201210_20210313_02_T1,LC08,2020-12-10,2020,12,345,9,52,10.66,17.96,T1,L2SP,LANDSAT_8
LC08_L2SP_009052_20201226_20210310_02_T1,LC08,2020-12-26,2020,12,361,9,52,4.04,15.71,T1,L2SP,LANDSAT_8
LC08_L2SP_009052_20210111_20210308_02_T1,LC08,2021-01-11,2021,1,11,9,52,13.58,34.27,T1,L2SP,LANDSAT_8
LC08_L2SP_009052_20210127_20210305_02_T1,LC08,2021-01-27,2021,1,27,9,52,71.74,33.68,T1,L2SP,LANDSAT_8
LC08_L2SP_009052_20210212_20220526_02_T1,LC08,2021-02-12,2021,2,43,9,52,3.16,4.96,T1,L2SP,LANDSAT_8
LC08_L2SP_009052_20210228_20210311_02_T1,LC08,2021-02-28,2021,2,59,9,52,1.72,6.88,T1,L2SP,LANDSAT_8
LC08_L2SP_009052_20210316_20210328_02_T1,LC08,2021-03-16,2021,3,75,9,52,67.9,55.17,T1,L2SP,LANDSAT_8
LC08_L2SP_009052_20210401_20210409_02_T1,LC08,2021-04-01,2021,4,91,9,52,60.76,87.0,T1,L2SP,LANDSAT_8
LC08_L2SP_009052_20210417_20210424_02_T1,LC08,2021-04-17,2021,4,107,9,52,37.74,25.26,T1,L2SP,LANDSAT_8
LC08_L2SP_009052_20210503_20210508_02_T1,LC08,2021-05-03,2021,5,123,9,52,55.12,73.94,T1,L2SP,LANDSAT_8
LC08_L2SP_009052_20210519_20210528_02_T1,LC08,2021-05-19,2021,5,139,9,52,13.46,26.04,T1,L2SP,LANDSAT_8
LC08_L2SP_009052_20210604_20210614_02_T1,LC08,2021-06-04,2021,6,155,9,52,70.45,36.7,T1,L2SP,LANDSAT_8
LC08_L2SP_009052_20210620_20210629_02_T1,LC08,2021-06-20,2021,6,171,9,52,15.43,13.08,T1,L2SP,LANDSAT_8
LC08_L2SP_009052_20210706_20210713_02_T1,LC08,2021-07-06,2021,7,187,9,52,5.74,12.08,T1,L2SP,LANDSAT_8
LC08_L2SP_009052_20210722_20210729_02_T1,LC08,2021-07-22,2021,7,203,9,52,12.87,19.46,T1,L2SP,LANDSAT_8
LC08_L2SP_009052_20210807_20210818_02_T1,LC08,2021-08-07,2021,8,219,9,52,24.49,36.69,T1,L2SP,LANDSAT_8
LC08_L2SP_009052_20210823_20210901_02_T1,LC08,2021-08-23,2021,8,235,9,52,7.93,24.46,T1,L2SP,LANDSAT_8
LC08_L2SP_009052_20210908_20210916_02_T1,LC08,2021-09-08,2021,9,251,9,52,50.25,51.56,T1,L2SP,LANDSAT_8
LC08_L2SP_009052_20210924_20210930_02_T1,LC08,2021-09-24,2021,9,267,9,52,90.05,68.16,T1,L2SP,LANDSAT_8
LC08_L2SP_009052_20211010_20211019_02_T1,LC08,2021-10-10,2021,10,283,9,52,56.1,79.78,T1,L2SP,LANDSAT_8
LC08_L2SP_009052_20211026_20211104_02_T1,LC08,2021-10-26,2021,10,299,9,52,11.51,12.17,T1,L2SP,LANDSAT_8
LC08_L2SP_009052_20211111_20211117_02_T1,LC08,2021-11-11,2021,11,315,9,52,1.76,5.72,T1,L2SP,LANDSAT_8
LC08_L2SP_009052_20211127_20211208_02_T1,LC08,2021-11-27,2021,11,331,9,52,26.15,45.42,T1,L2SP,LANDSAT_8
LC09_L2SP_009052_20211205_20230505_02_T1,LC09,2021-12-05,2021,12,339,9,52,19.95,13.7,T1,L2SP,LANDSAT_9
LC08_L2SP_009052_20211213_20211222_02_T1,LC08,2021-12-13,2021,12,347,9,52,5.15,4.6,T1,L2SP,LANDSAT_8
LC09_L2SP_009052_20211221_20230504_02_T1,LC09,2021-12-21,2021,12,355,9,52,35.81,55.5,T1,L2SP,LANDSAT_9
LC08_L2SP_009052_20211229_20220105_02_T1,LC08,2021-12-29,2021,12,363,9,52,1.84,4.26,T1,L2SP,LANDSAT_8
LC09_L2SP_009052_20220106_20230502_02_T1,LC09,2022-01-06,2022,1,6,9,52,12.43,3.01,T1,L2SP,LANDSAT_9
LC08_L2SP_009052_20220114_20220123_02_T1,LC08,2022-01-14,2022,1,14,9,52,6.5,23.55,T1,L2SP,LANDSAT_8
LC09_L2SP_009052_20220122_20230430_02_T1,LC09,2022-01-22,2022,1,22,9,52,7.05,14.45,T1,L2SP,LANDSAT_9
LC08_L2SP_009052_20220130_20220204_02_T1,LC08,2022-01-30,2022,1,30,9,52,13.62,12.72,T1,L2SP,LANDSAT_8
LC09_L2SP_009052_20220207_20230428_02_T1,LC09,2022-02-07,2022,2,38,9,52,9.55,15.01,T1,L2SP,LANDSAT_9
LC08_L2SP_009052_20220215_20220223_02_T1,LC08,2022-02-15,2022,2,46,9,52,18.4,15.81,T1,L2SP,LANDSAT_8
LC09_L2SP_009052_20220223_20230427_02_T1,LC09,2022-02-23,2022,2,54,9,52,2.49,7.65,T1,L2SP,LANDSAT_9
LC08_L2SP_009052_20220303_20220314_02_T1,LC08,2022-03-03,2022,3,62,9,52,12.27,31.2,T1,L2SP,LANDSAT_8
LC09_L2SP_009052_20220311_20230425_02_T1,LC09,2022-03-11,2022,3,70,9,52,10.03,37.57,T1,L2SP,LANDSAT_9
LC08_L2SP_009052_20220319_20220329_02_T1,LC08,2022-03-19,2022,3,78,9,52,22.4,71.03,T1,L2SP,LANDSAT_8
LC09_L2SP_009052_20220327_20230423_02_T1,LC09,2022-03-27,2022,3,86,9,52,24.09,64.24,T1,L2SP,LANDSAT_9
LC08_L2SP_009052_20220404_20220412_02_T1,LC08,2022-04-04,2022,4,94,9,52,53.53,54.86,T1,L2SP,LANDSAT_8
LC09_L2SP_009052_20220412_20230422_02_T1,LC09,2022-04-12,2022,4,102,9,52,8.25,17.02,T1,L2SP,LANDSAT_9
LC08_L2SP_009052_20220420_20220428_02_T1,LC08,2022-04-20,2022,4,110,9,52,80.94,75.08,T1,L2SP,LANDSAT_8
LC09_L2SP_009052_20220428_20230418_02_T1,LC09,2022-04-28,2022,4,118,9,52,76.34,74.86,T1,L2SP,LANDSAT_9
LC09_L2SP_009052_20220514_20230416_02_T1,LC09,2022-05-14,2022,5,134,9,52,78.34,85.19,T1,L2SP,LANDSAT_9
LC08_L2SP_009052_20220522_20220525_02_T1,LC08,2022-05-22,2022,5,142,9,52,15.02,11.89,T1,L2SP,LANDSAT_8
LC09_L2SP_009052_20220530_20230414_02_T1,LC09,2022-05-30,2022,5,150,9,52,11.68,21.13,T1,L2SP,LANDSAT_9
LC08_L2SP_009052_20220607_20220616_02_T1,LC08,2022-06-07,2022,6,158,9,52,25.64,57.09,T1,L2SP,LANDSAT_8
LC09_L2SP_009052_20220615_20230412_02_T1,LC09,2022-06-15,2022,6,166,9,52,88.88,82.35,T1,L2SP,LANDSAT_9
LC08_L2SP_009052_20220623_20220705_02_T1,LC08,2022-06-23,2022,6,174,9,52,41.38,11.59,T1,L2SP,LANDSAT_8
LC09_L2SP_009052_20220701_20230409_02_T1,LC09,2022-07-01,2022,7,182,9,52,37.42,65.84,T1,L2SP,LANDSAT_9
LC08_L2SP_009052_20220709_20220721_02_T1,LC08,2022-07-09,2022,7,190,9,52,45.26,20.87,T1,L2SP,LANDSAT_8
LC09_L2SP_009052_20220717_20230407_02_T1,LC09,2022-07-17,2022,7,198,9,52,47.89,53.05,T1,L2SP,LANDSAT_9
LC08_L2SP_009052_20220725_20220801_02_T1,LC08,2022-07-25,2022,7,206,9,52,43.33,50.68,T1,L2SP,LANDSAT_8
LC09_L2SP_009052_20220802_20230404_02_T1,LC09,2022-08-02,2022,8,214,9,52,50.29,56.19,T1,L2SP,LANDSAT_9
LC08_L2SP_009052_20220810_20220817_02_T1,LC08,2022-08-10,2022,8,222,9,52,100.0,100.0,T1,L2SP,LANDSAT_8
LC09_L2SP_009052_20220818_20230401_02_T1,LC09,2022-08-18,2022,8,230,9,52,4.85,9.87,T1,L2SP,LANDSAT_9
LC09_L2SP_009052_20220903_20230331_02_T1,LC09,2022-09-03,2022,9,246,9,52,31.84,45.97,T1,L2SP,LANDSAT_9
LC08_L2SP_009052_20220911_20220921_02_T1,LC08,2022-09-11,2022,9,254,9,52,47.11,72.71,T1,L2SP,LANDSAT_8
LC09_L2SP_009052_20220919_20230328_02_T1,LC09,2022-09-19,2022,9,262,9,52,66.38,58.74,T1,L2SP,LANDSAT_9
LC08_L2SP_009052_20220927_20221004_02_T1,LC08,2022-09-27,2022,9,270,9,52,59.11,65.23,T1,L2SP,LANDSAT_8
LC09_L2SP_009052_20221005_20230326_02_T1,LC09,2022-10-05,2022,10,278,9,52,26.47,58.0,T1,L2SP,LANDSAT_9
LC08_L2SP_009052_20221013_20221020_02_T1,LC08,2022-10-13,2022,10,286,9,52,60.95,70.13,T1,L2SP,LANDSAT_8
LC09_L2SP_009052_20221021_20230325_02_T1,LC09,2022-10-21,2022,10,294,9,52,25.11,52.92,T1,L2SP,LANDSAT_9
LC08_L2SP_009052_20221029_20221108_02_T1,LC08,2022-10-29,2022,10,302,9,52,7.95,10.0,T1,L2SP,LANDSAT_8
LC08_L2SP_009052_20221114_20221122_02_T1,LC08,2022-11-14,2022,11,318,9,52,32.63,69.21,T1,L2SP,LANDSAT_8
LC09_L2SP_009052_20221122_20230321_02_T1,LC09,2022-11-22,2022,11,326,9,52,9.39,28.22,T1,L2SP,LANDSAT_9
LC08_L2SP_009052_20221130_20221206_02_T1,LC08,2022-11-30,2022,11,334,9,52,7.28,24.51,T1,L2SP,LANDSAT_8
LC09_L2SP_009052_20221208_20230318_02_T1,LC09,2022-12-08,2022,12,342,9,52,6.74,6.39,T1,L2SP,LANDSAT_9
LC08_L2SP_009052_20221216_20221227_02_T1,LC08,2022-12-16,2022,12,350,9,52,5.6,13.98,T1,L2SP,LANDSAT_8
LC09_L2SP_009052_20221224_20230317_02_T1,LC09,2022-12-24,2022,12,358,9,52,2.21,5.59,T1,L2SP,LANDSAT_9
LC08_L2SP_009052_20230101_20230110_02_T1,LC08,2023-01-01,2023,1,1,9,52,4.12,13.05,T1,L2SP,LANDSAT_8
LC09_L2SP_009052_20230109_20230314_02_T1,LC09,2023-01-09,2023,1,9,9,52,24.49,13.71,T1,L2SP,LANDSAT_9
LC08_L2SP_009052_20230117_20230131_02_T1,LC08,2023-01-17,2023,1,17,9,52,0.75,1.48,T1,L2SP,LANDSAT_8
LC09_L2SP_009052_20230125_20230312_02_T1,LC09,2023-01-25,2023,1,25,9,52,8.91,16.26,T1,L2SP,LANDSAT_9
LC08_L2SP_009052_20230202_20230209_02_T1,LC08,2023-02-02,2023,2,33,9,52,7.42,3.1,T1,L2SP,LANDSAT_8
LC09_L2SP_009052_20230210_20230310_02_T1,LC09,2023-02-10,2023,2,41,9,52,2.27,10.11,T1,L2SP,LANDSAT_9
LC08_L2SP_009052_20230218_20230223_02_T1,LC08,2023-02-18,2023,2,49,9,52,3.87,10.12,T1,L2SP,LANDSAT_8
LC09_L2SP_009052_20230226_20230308_02_T1,LC09,2023-02-26,2023,2,57,9,52,3.23,8.18,T1,L2SP,LANDSAT_9
LC08_L2SP_009052_20230306_20230316_02_T1,LC08,2023-03-06,2023,3,65,9,52,18.19,37.65,T1,L2SP,LANDSAT_8
LC09_L2SP_009052_20230314_20230316_02_T1,LC09,2023-03-14,2023,3,73,9,52,19.97,51.79,T1,L2SP,LANDSAT_9
LC08_L2SP_009052_20230322_20230404_02_T1,LC08,2023-03-22,2023,3,81,9,52,3.46,8.83,T1,L2SP,LANDSAT_8
LC09_L2SP_009052_20230330_20230401_02_T1,LC09,2023-03-30,2023,3,89,9,52,3.69,12.68,T1,L2SP,LANDSAT_9
LC09_L2SP_009052_20230415_20230417_02_T1,LC09,2023-04-15,2023,4,105,9,52,14.45,22.55,T1,L2SP,LANDSAT_9
LC09_L2SP_009052_20230501_20230503_02_T1,LC09,2023-05-01,2023,5,121,9,52,17.17,37.59,T1,L2SP,LANDSAT_9
LC08_L2SP_009052_20230509_20230517_02_T1,LC08,2023-05-09,2023,5,129,9,52,57.3,51.73,T1,L2SP,LANDSAT_8
LC09_L2SP_009052_20230517_20230519_02_T1,LC09,2023-05-17,2023,5,137,9,52,22.29,39.69,T1,L2SP,LANDSAT_9
LC08_L2SP_009052_20230525_20230603_02_T1,LC08,2023-05-25,2023,5,145,9,52,58.84,92.91,T1,L2SP,LANDSAT_8
LC09_L2SP_009052_20230602_20230604_02_T1,LC09,2023-06-02,2023,6,153,9,52,43.51,75.94,T1,L2SP,LANDSAT_9
LC08_L2SP_009052_20230610_20230614_02_T1,LC08,2023-06-10,2023,6,161,9,52,12.35,33.02,T1,L2SP,LANDSAT_8
LC09_L2SP_009052_20230618_20230620_02_T1,LC09,2023-06-18,2023,6,169,9,52,47.27,40.34,T1,L2SP,LANDSAT_9
LC08_L2SP_009052_20230626_20230710_02_T1,LC08,2023-06-26,2023,6,177,9,52,82.82,63.69,T1,L2SP,LANDSAT_8
LC09_L2SP_009052_20230704_20230706_02_T1,LC09,2023-07-04,2023,7,185,9,52,18.82,45.92,T1,L2SP,LANDSAT_9
LC08_L2SP_009052_20230712_20230724_02_T1,LC08,2023-07-12,2023,7,193,9,52,60.44,49.39,T1,L2SP,LANDSAT_8
LC09_L2SP_009052_20230720_20230801_02_T1,LC09,2023-07-20,2023,7,201,9,52,3.57,12.24,T1,L2SP,LANDSAT_9
LC08_L2SP_009052_20230728_20230805_02_T1,LC08,2023-07-28,2023,7,209,9,52,10.49,18.58,T1,L2SP,LANDSAT_8
LC09_L2SP_009052_20230805_20230808_02_T1,LC09,2023-08-05,2023,8,217,9,52,44.81,53.59,T1,L2SP,LANDSAT_9
LC08_L2SP_009052_20230813_20230819_02_T1,LC08,2023-08-13,2023,8,225,9,52,6.19,17.46,T1,L2SP,LANDSAT_8
LC09_L2SP_009052_20230821_20230823_02_T1,LC09,2023-08-21,2023,8,233,9,52,79.67,57.96,T1,L2SP,LANDSAT_9
LC08_L2SP_009052_20230829_20230906_02_T1,LC08,2023-08-29,2023,8,241,9,52,10.48,32.03,T1,L2SP,LANDSAT_8
LC09_L2SP_009052_20230906_20230908_02_T1,LC09,2023-09-06,2023,9,249,9,52,7.42,12.99,T1,L2SP,LANDSAT_9
LC08_L2SP_009052_20230914_20230919_02_T1,LC08,2023-09-14,2023,9,257,9,52,5.09,9.93,T1,L2SP,LANDSAT_8
LC09_L2SP_009052_20230922_20230924_02_T1,LC09,2023-09-22,2023,9,265,9,52,12.59,6.89,T1,L2SP,LANDSAT_9
LC08_L2SP_009052_20230930_20231010_02_T1,LC08,2023-09-30,2023,9,273,9,52,21.82,13.79,T1,L2SP,LANDSAT_8
LC08_L2SP_009052_20231016_20231102_02_T1,LC08,2023-10-16,2023,10,289,9,52,95.58,78.02,T1,L2SP,LANDSAT_8
LC09_L2SP_009052_20231024_20231025_02_T1,LC09,2023-10-24,2023,10,297,9,52,26.23,51.57,T1,L2SP,LANDSAT_9
LC08_L2SP_009052_20231101_20231109_02_T1,LC08,2023-11-01,2023,11,305,9,52,76.74,71.39,T1,L2SP,LANDSAT_8
LC09_L2SP_009052_20231109_20231110_02_T1,LC09,2023-11-09,2023,11,313,9,52,11.0,7.48,T1,L2SP,LANDSAT_9
LC08_L2SP_009052_20231117_20231122_02_T1,LC08,2023-11-17,2023,11,321,9,52,14.8,27.44,T1,L2SP,LANDSAT_8
LC09_L2SP_009052_20231125_20231128_02_T1,LC09,2023-11-25,2023,11,329,9,52,22.63,31.99,T1,L2SP,LANDSAT_9
LC08_L2SP_009052_20231203_20231209_02_T1,LC08,2023-12-03,2023,12,337,9,52,0.8,0.83,T1,L2SP,LANDSAT_8
LC09_L2SP_009052_20231211_20231212_02_T1,LC09,2023-12-11,2023,12,345,9,52,5.55,12.28,T1,L2SP,LANDSAT_9
LC08_L2SP_009052_20231219_20240103_02_T1,LC08,2023-12-19,2023,12,353,9,52,6.18,23.18,T1,L2SP,LANDSAT_8
LC09_L2SP_009052_20231227_20231228_02_T1,LC09,2023-12-27,2023,12,361,9,52,39.46,20.44,T1,L2SP,LANDSAT_9
LC08_L2SP_009052_20240104_20240113_02_T1,LC08,2024-01-04,2024,1,4,9,52,4.77,8.11,T1,L2SP,LANDSAT_8
LC09_L2SP_009052_20240112_20240113_02_T1,LC09,2024-01-12,2024,1,12,9,52,3.13,6.96,T1,L2SP,LANDSAT_9
LC08_L2SP_009052_20240120_20240129_02_T1,LC08,2024-01-20,2024,1,20,9,52,5.77,0.94,T1,L2SP,LANDSAT_8
LC09_L2SP_009052_20240128_20240130_02_T1,LC09,2024-01-28,2024,1,28,9,52,0.44,1.47,T1,L2SP,LANDSAT_9
LC08_L2SP_009052_20240205_20240212_02_T1,LC08,2024-02-05,2024,2,36,9,52,14.57,33.54,T1,L2SP,LANDSAT_8
LC09_L2SP_009052_20240213_20240215_02_T1,LC09,2024-02-13,2024,2,44,9,52,7.82,2.23,T1,L2SP,LANDSAT_9
LC08_L2SP_009052_20240221_20240229_02_T1,LC08,2024-02-21,2024,2,52,9,52,26.73,58.02,T1,L2SP,LANDSAT_8
LC09_L2SP_009052_20240229_20240301_02_T1,LC09,2024-02-29,2024,2,60,9,52,4.49,4.96,T1,L2SP,LANDSAT_9
LC08_L2SP_009052_20240308_20240316_02_T1,LC08,2024-03-08,2024,3,68,9,52,13.64,9.5,T1,L2SP,LANDSAT_8
LC09_L2SP_009052_20240316_20240317_02_T1,LC09,2024-03-16,2024,3,76,9,52,4.73,13.79,T1,L2SP,LANDSAT_9
LC08_L2SP_009052_20240324_20240403_02_T1,LC08,2024-03-24,2024,3,84,9,52,26.96,36.91,T1,L2SP,LANDSAT_8
LC09_L2SP_009052_20240401_20240403_02_T1,LC09,2024-04-01,2024,4,92,9,52,5.15,10.04,T1,L2SP,LANDSAT_9
LC08_L2SP_009052_20240409_20240418_02_T1,LC08,2024-04-09,2024,4,100,9,52,59.71,52.59,T1,L2SP,LANDSAT_8
LC09_L2SP_009052_20240417_20240418_02_T1,LC09,2024-04-17,2024,4,108,9,52,41.14,67.81,T1,L2SP,LANDSAT_9
LC08_L2SP_009052_20240425_20240510_02_T1,LC08,2024-04-25,2024,4,116,9,52,78.38,96.22,T1,L2SP,LANDSAT_8
LC09_L2SP_009052_20240503_20240504_02_T1,LC09,2024-05-03,2024,5,124,9,52,32.69,89.06,T1,L2SP,LANDSAT_9
LC08_L2SP_009052_20240511_20240520_02_T1,LC08,2024-05-11,2024,5,132,9,52,26.65,30.69,T1,L2SP,LANDSAT_8
LC09_L2SP_009052_20240519_20240522_02_T1,LC09,2024-05-19,2024,5,140,9,52,12.24,14.25,T1,L2SP,LANDSAT_9
LC08_L2SP_009052_20240612_20240628_02_T1,LC08,2024-06-12,2024,6,164,9,52,75.4,84.49,T1,L2SP,LANDSAT_8
LC09_L2SP_009052_20240620_20240621_02_T1,LC09,2024-06-20,2024,6,172,9,52,97.26,87.05,T1,L2SP,LANDSAT_9
LC08_L2SP_009052_20240628_20240709_02_T1,LC08,2024-06-28,2024,6,180,9,52,27.66,36.55,T1,L2SP,LANDSAT_8
LC09_L2SP_009052_20240706_20240707_02_T1,LC09,2024-07-06,2024,7,188,9,52,49.02,35.87,T1,L2SP,LANDSAT_9
LC08_L2SP_009052_20240714_20240722_02_T1,LC08,2024-07-14,2024,7,196,9,52,63.56,76.02,T1,L2SP,LANDSAT_8
LC09_L2SP_009052_20240722_20240723_02_T1,LC09,2024-07-22,2024,7,204,9,52,23.41,22.32,T1,L2SP,LANDSAT_9
LC08_L2SP_009052_20240730_20240807_02_T1,LC08,2024-07-30,2024,7,212,9,52,15.52,25.69,T1,L2SP,LANDSAT_8
LC09_L2SP_009052_20240807_20240808_02_T1,LC09,2024-08-07,2024,8,220,9,52,80.61,82.41,T1,L2SP,LANDSAT_9
LC08_L2SP_009052_20240815_20240822_02_T1,LC08,2024-08-15,2024,8,228,9,52,60.44,32.71,T1,L2SP,LANDSAT_8
LC09_L2SP_009052_20240823_20240824_02_T1,LC09,2024-08-23,2024,8,236,9,52,15.55,36.45,T1,L2SP,LANDSAT_9
LC08_L2SP_009052_20240831_20240906_02_T1,LC08,2024-08-31,2024,8,244,9,52,7.26,21.79,T1,L2SP,LANDSAT_8
LC09_L2SP_009052_20240908_20240909_02_T1,LC09,2024-09-08,2024,9,252,9,52,57.2,10.25,T1,L2SP,LANDSAT_9
LC08_L2SP_009052_20240916_20240921_02_T1,LC08,2024-09-16,2024,9,260,9,52,8.35,11.22,T1,L2SP,LANDSAT_8
LC09_L2SP_009052_20240924_20240925_02_T1,LC09,2024-09-24,2024,9,268,9,52,26.93,19.89,T1,L2SP,LANDSAT_9
LC08_L2SP_009052_20241002_20241008_02_T1,LC08,2024-10-02,2024,10,276,9,52,13.56,43.92,T1,L2SP,LANDSAT_8
LC09_L2SP_009052_20241010_20241011_02_T1,LC09,2024-10-10,2024,10,284,9,52,60.89,93.2,T1,L2SP,LANDSAT_9
LC08_L2SP_009052_20241018_20241028_02_T1,LC08,2024-10-18,2024,10,292,9,52,3.43,7.86,T1,L2SP,LANDSAT_8
LC09_L2SP_009052_20241026_20241027_02_T1,LC09,2024-10-26,2024,10,300,9,52,8.67,15.52,T1,L2SP,LANDSAT_9
LC09_L2SP_009052_20241111_20241116_02_T1,LC09,2024-11-11,2024,11,316,9,52,63.03,96.57,T1,L2SP,LANDSAT_9
LC08_L2SP_009052_20241119_20241127_02_T1,LC08,2024-11-19,2024,11,324,9,52,4.4,10.63,T1,L2SP,LANDSAT_8
LC09_L2SP_009052_20241127_20241128_02_T1,LC09,2024-11-27,2024,11,332,9,52,75.57,89.25,T1,L2SP,LANDSAT_9
LC08_L2SP_009052_20241205_20241210_02_T1,LC08,2024-12-05,2024,12,340,9,52,6.1,6.75,T1,L2SP,LANDSAT_8
LC09_L2SP_009052_20241213_20241214_02_T1,LC09,2024-12-13,2024,12,348,9,52,6.36,9.42,T1,L2SP,LANDSAT_9
LC08_L2SP_009052_20241221_20241228_02_T1,LC08,2024-12-21,2024,12,356,9,52,28.49,31.53,T1,L2SP,LANDSAT_8
LC09_L2SP_009052_20241229_20241230_02_T1,LC09,2024-12-29,2024,12,364,9,52,19.98,27.23,T1,L2SP,LANDSAT_9
LC08_L2SP_009052_20250106_20250111_02_T1,LC08,2025-01-06,2025,1,6,9,52,8.88,15.86,T1,L2SP,LANDSAT_8
LC09_L2SP_009052_20250114_20250115_02_T1,LC09,2025-01-14,2025,1,14,9,52,13.98,6.16,T1,L2SP,LANDSAT_9
LC08_L2SP_009052_20250122_20250128_02_T1,LC08,2025-01-22,2025,1,22,9,52,0.36,1.52,T1,L2SP,LANDSAT_8
LC09_L2SP_009052_20250130_20250131_02_T1,LC09,2025-01-30,2025,1,30,9,52,2.51,6.34,T1,L2SP,LANDSAT_9
LC08_L2SP_009052_20250207_20250214_02_T1,LC08,2025-02-07,2025,2,38,9,52,0.98,1.04,T1,L2SP,LANDSAT_8
LC09_L2SP_009052_20250215_20250219_02_T1,LC09,2025-02-15,2025,2,46,9,52,2.29,9.5,T1,L2SP,LANDSAT_9
LC08_L2SP_009052_20250223_20250304_02_T1,LC08,2025-02-23,2025,2,54,9,52,6.93,10.46,T1,L2SP,LANDSAT_8
LC09_L2SP_009052_20250303_20250305_02_T1,LC09,2025-03-03,2025,3,62,9,52,13.49,42.72,T1,L2SP,LANDSAT_9
LC08_L2SP_009052_20250311_20250324_02_T1,LC08,2025-03-11,2025,3,70,9,52,4.86,8.57,T1,L2SP,LANDSAT_8
LC09_L2SP_009052_20250319_20250321_02_T1,LC09,2025-03-19,2025,3,78,9,52,8.35,24.62,T1,L2SP,LANDSAT_9
LC08_L2SP_009052_20250327_20250401_02_T1,LC08,2025-03-27,2025,3,86,9,52,14.11,30.98,T1,L2SP,LANDSAT_8
LC09_L2SP_009052_20250404_20250405_02_T1,LC09,2025-04-04,2025,4,94,9,52,71.95,82.28,T1,L2SP,LANDSAT_9
LC08_L2SP_009052_20250412_20250416_02_T1,LC08,2025-04-12,2025,4,102,9,52,20.4,20.44,T1,L2SP,LANDSAT_8
LC09_L2SP_009052_20250420_20250421_02_T1,LC09,2025-04-20,2025,4,110,9,52,47.78,47.41,T1,L2SP,LANDSAT_9
LC08_L2SP_009052_20250428_20250508_02_T1,LC08,2025-04-28,2025,4,118,9,52,75.71,73.15,T1,L2SP,LANDSAT_8
LC08_L2SP_009052_20250514_20250529_02_T1,LC08,2025-05-14,2025,5,134,9,52,52.03,67.91,T1,L2SP,LANDSAT_8
LC09_L2SP_009052_20250522_20250523_02_T1,LC09,2025-05-22,2025,5,142,9,52,28.66,44.42,T1,L2SP,LANDSAT_9
LC08_L2SP_009052_20250530_20250606_02_T1,LC08,2025-05-30,2025,5,150,9,52,55.55,28.71,T1,L2SP,LANDSAT_8
LC09_L2SP_009052_20250607_20250608_02_T1,LC09,2025-06-07,2025,6,158,9,52,40.38,53.32,T1,L2SP,LANDSAT_9
LC08_L2SP_009052_20250615_20250626_02_T1,LC08,2025-06-15,2025,6,166,9,52,32.31,40.01,T1,L2SP,LANDSAT_8
LC08_L2SP_009052_20250701_20250711_02_T1,LC08,2025-07-01,2025,7,182,9,52,82.52,60.55,T1,L2SP,LANDSAT_8
LC09_L2SP_009052_20250709_20250711_02_T1,LC09,2025-07-09,2025,7,190,9,52,21.42,22.24,T1,L2SP,LANDSAT_9
LC08_L2SP_009052_20250717_20250726_02_T1,LC08,2025-07-17,2025,7,198,9,52,7.16,11.71,T1,L2SP,LANDSAT_8
LC09_L2SP_009052_20250725_20250727_02_T1,LC09,2025-07-25,2025,7,206,9,52,14.84,30.58,T1,L2SP,LANDSAT_9
LC08_L2SP_009052_20250802_20250814_02_T1,LC08,2025-08-02,2025,8,214,9,52,25.48,29.63,T1,L2SP,LANDSAT_8
LC09_L2SP_009052_20250810_20250811_02_T1,LC09,2025-08-10,2025,8,222,9,52,74.76,89.04,T1,L2SP,LANDSAT_9
LC08_L2SP_009052_20250818_20250826_02_T1,LC08,2025-08-18,2025,8,230,9,52,27.76,38.03,T1,L2SP,LANDSAT_8
LC09_L2SP_009052_20250826_20250902_02_T1,LC09,2025-08-26,2025,8,238,9,52,24.71,29.45,T1,L2SP,LANDSAT_9
LC08_L2SP_009052_20250903_20250912_02_T1,LC08,2025-09-03,2025,9,246,9,52,12.63,27.67,T1,L2SP,LANDSAT_8
LC09_L2SP_009052_20250911_20250915_02_T1,LC09,2025-09-11,2025,9,254,9,52,13.35,13.58,T1,L2SP,LANDSAT_9
LC08_L2SP_009052_20250919_20250929_02_T1,LC08,2025-09-19,2025,9,262,9,52,38.13,61.82,T1,L2SP,LANDSAT_8
LC09_L2SP_009052_20250927_20250928_02_T1,LC09,2025-09-27,2025,9,270,9,52,40.35,39.38,T1,L2SP,LANDSAT_9
LC08_L2SP_009052_20251005_20251115_02_T1,LC08,2025-10-05,2025,10,278,9,52,20.21,12.16,T1,L2SP,LANDSAT_8
LC09_L2SP_009052_20251013_20251014_02_T1,LC09,2025-10-13,2025,10,286,9,52,53.46,40.17,T1,L2SP,LANDSAT_9
LC08_L2SP_009052_20251021_20251120_02_T1,LC08,2025-10-21,2025,10,294,9,52,87.99,99.51,T1,L2SP,LANDSAT_8
LC09_L2SP_009052_20251029_20251104_02_T1,LC09,2025-10-29,2025,10,302,9,52,69.63,81.12,T1,L2SP,LANDSAT_9
LC08_L2SP_009052_20251106_20251128_02_T1,LC08,2025-11-06,2025,11,310,9,52,10.57,26.95,T1,L2SP,LANDSAT_8
LC09_L2SP_009052_20251114_20251115_02_T1,LC09,2025-11-14,2025,11,318,9,52,6.28,19.36,T1,L2SP,LANDSAT_9
LC08_L2SP_009052_20251122_20251202_02_T1,LC08,2025-11-22,2025,11,326,9,52,7.49,18.42,T1,L2SP,LANDSAT_8
LC09_L2SP_009052_20251130_20251202_02_T1,LC09,2025-11-30,2025,11,334,9,52,92.99,72.72,T1,L2SP,LANDSAT_9
LC08_L2SP_009052_20251208_20251217_02_T1,LC08,2025-12-08,2025,12,342,9,52,10.99,16.41,T1,L2SP,LANDSAT_8
LC09_L2SP_009052_20251216_20251217_02_T1,LC09,2025-12-16,2025,12,350,9,52,9.06,14.3,T1,L2SP,LANDSAT_9
LC08_L2SP_009052_20251224_20260106_02_T1,LC08,2025-12-24,2025,12,358,9,52,4.41,6.95,T1,L2SP,LANDSAT_8
