A_min_km2,n_core_components,n_core_pixels,core_area_km2,n_R_geometry,R_area_km2,year,n_R_valid,n_U_valid,tref_obs_c,tref_pred_c,tref_error_c,urban_median_obs_c,urban_median_pred_c,deltaT_obs_c,deltaT_pred_c,deltaT_error_c,p95_urban_obs_c,p95_urban_pred_c,p95_urban_error_c
0.25,22,114847,103.36229999999999,155373,139.8357,2023,154883,114739,36.2371711730957,36.53534698486328,0.2981758117675781,45.330814361572266,44.548789978027344,9.093643188476562,8.013442993164062,-1.0802001953125,11.976741790771484,9.283537673950194,-2.69320411682129
0.25,22,114847,103.36229999999999,155373,139.8357,2024,154896,114741,35.27157974243164,34.1281623840332,-1.1434173583984375,42.43404006958008,41.19800567626953,7.1624603271484375,7.069843292236328,-0.09261703491210938,10.40274429321289,7.7786102294921875,-2.624134063720703
0.25,22,114847,103.36229999999999,155373,139.8357,2025,154918,114741,32.767879486083984,33.038970947265625,0.2710914611816406,41.55561065673828,40.43859100341797,8.787731170654297,7.399620056152344,-1.3881111145019531,11.694755554199219,8.907535552978516,-2.787220001220703
0.333,18,113540,102.18599999999999,167527,150.77429999999998,2023,167037,113434,36.44567108154297,36.808868408203125,0.36319732666015625,45.359867095947266,44.55959510803223,8.914196014404297,7.750726699829102,-1.1634693145751953,11.775077819824219,9.013284492492675,-2.761793327331544
0.333,18,113540,102.18599999999999,167527,150.77429999999998,2024,167050,113436,35.498878479003906,34.27107810974121,-1.2278003692626953,42.45454788208008,41.20415687561035,6.955669403076172,6.933078765869141,-0.02259063720703125,10.185699462890625,7.637945175170898,-2.5477542877197266
0.333,18,113540,102.18599999999999,167527,150.77429999999998,2025,167072,113436,32.848201751708984,33.15124702453613,0.30304527282714844,41.57953643798828,40.453901290893555,8.731334686279297,7.302654266357422,-1.428680419921875,11.622978210449219,8.799945831298828,-2.8230323791503906
0.5,11,110519,99.4671,180678,162.6102,2023,180189,110416,36.64391326904297,36.74892044067383,0.10500717163085938,45.406009674072266,44.582326889038086,8.762096405029297,7.833406448364258,-0.9286899566650391,11.592643737792969,9.08224105834961,-2.5104026794433594
0.5,11,110519,99.4671,180678,162.6102,2024,180198,110418,35.35190200805664,34.307098388671875,-1.0448036193847656,42.48530960083008,41.21653938293457,7.1334075927734375,6.909440994262695,-0.2239665985107422,10.35318374633789,7.606896591186524,-2.746287155151367
0.5,11,110519,99.4671,180678,162.6102,2025,180220,110418,32.90289306640625,33.13905906677246,0.23616600036621094,41.62226104736328,40.484195709228516,8.719367980957031,7.345136642456055,-1.3742313385009766,11.581958770751953,8.821231079101562,-2.7607276916503913
