year,index,band,n_pixels,median,mean,p25,p75,iqr
2023,NDVI,2–4 km,239190,0.7480373382568359,0.7165722250938416,0.6563029289245605,0.8064171671867371,0.1501142382621765
2023,NDVI,4–6 km,167527,0.7589706182479858,0.7099074125289917,0.6492305994033813,0.8186768293380737,0.16944622993469238
2023,NDVI,6–8 km,67076,0.722294807434082,0.6872513294219971,0.6166447401046753,0.8096497058868408,0.19300496578216553
2023,NDBI,2–4 km,239190,-0.2899526357650757,-0.27563032507896423,-0.36077362298965454,-0.19710415601730347,0.16366946697235107
2023,NDBI,4–6 km,167527,-0.29556968808174133,-0.2803376019001007,-0.3741840124130249,-0.19125987589359283,0.18292413651943207
2023,NDBI,6–8 km,67076,-0.27480649948120117,-0.27952635288238525,-0.36659178137779236,-0.17815779149532318,0.18843398988246918
2023,NDMI,2–4 km,239190,0.2899526357650757,0.27563032507896423,0.19710415601730347,0.36077362298965454,0.16366946697235107
2023,NDMI,4–6 km,167527,0.29556968808174133,0.2803376019001007,0.19125987589359283,0.3741840124130249,0.18292413651943207
2023,NDMI,6–8 km,67076,0.27480649948120117,0.27952635288238525,0.17815779149532318,0.36659178137779236,0.18843398988246918
2024,NDVI,2–4 km,239190,0.720098614692688,0.6927375793457031,0.6282668113708496,0.7841038703918457,0.1558370590209961
2024,NDVI,4–6 km,167527,0.714398205280304,0.6780877709388733,0.6091514825820923,0.7882167100906372,0.17906522750854492
2024,NDVI,6–8 km,67076,0.691152036190033,0.6666943430900574,0.5929460525512695,0.7787104249000549,0.1857643723487854
2024,NDBI,2–4 km,239190,-0.2635645568370819,-0.25137951970100403,-0.3384466767311096,-0.1665840446949005,0.1718626320362091
2024,NDBI,4–6 km,167527,-0.254550039768219,-0.24929390847682953,-0.3507958650588989,-0.14505289494991302,0.2057429701089859
2024,NDBI,6–8 km,67076,-0.2468670904636383,-0.2580776810646057,-0.3491605520248413,-0.14724209904670715,0.20191845297813416
2024,NDMI,2–4 km,239190,0.2635645568370819,0.25137951970100403,0.1665840446949005,0.3384466767311096,0.1718626320362091
2024,NDMI,4–6 km,167527,0.254550039768219,0.24929390847682953,0.14505289494991302,0.3507958650588989,0.2057429701089859
2024,NDMI,6–8 km,67076,0.2468670904636383,0.2580776810646057,0.14724209904670715,0.3491605520248413,0.20191845297813416
2025,NDVI,2–4 km,239190,0.7533739805221558,0.7230785489082336,0.6669114828109741,0.8070889711380005,0.14017748832702637
2025,NDVI,4–6 km,167527,0.7571572661399841,0.7131679654121399,0.6591943502426147,0.8117376565933228,0.152543306350708
2025,NDVI,6–8 km,67076,0.7304913401603699,0.6951565146446228,0.627582848072052,0.7997698187828064,0.1721869707107544
2025,NDBI,2–4 km,239190,-0.30574989318847656,-0.29186126589775085,-0.36445218324661255,-0.22397486865520477,0.14047731459140778
2025,NDBI,4–6 km,167527,-0.3039962649345398,-0.2915748953819275,-0.3762684166431427,-0.21292339265346527,0.16334502398967743
2025,NDBI,6–8 km,67076,-0.2895685136318207,-0.29355117678642273,-0.37740761041641235,-0.2034241408109665,0.17398346960544586
2025,NDMI,2–4 km,239190,0.30574989318847656,0.29186126589775085,0.22397486865520477,0.36445218324661255,0.14047731459140778
2025,NDMI,4–6 km,167527,0.3039962649345398,0.2915748953819275,0.21292339265346527,0.3762684166431427,0.16334502398967743
2025,NDMI,6–8 km,67076,0.2895685136318207,0.29355117678642273,0.2034241408109665,0.37740761041641235,0.17398346960544586
