year,from_band,to_band,delta_median_C
2023,B_0_2km,B_2_4km,-1.7517356872558594
2023,B_2_4km,B_4_6km,-0.04443359375
2023,B_4_6km,B_6_8km,0.3708534240722656
2023,B_6_8km,B_8_10km,-5.969572067260742
2024,B_0_2km,B_2_4km,-1.3535385131835938
2024,B_2_4km,B_4_6km,0.15039443969726562
2024,B_4_6km,B_6_8km,0.3742713928222656
2024,B_6_8km,B_8_10km,-4.848459243774414
2025,B_0_2km,B_2_4km,-1.4509468078613281
2025,B_2_4km,B_4_6km,-0.044437408447265625
2025,B_4_6km,B_6_8km,0.48023223876953125
2025,B_6_8km,B_8_10km,-3.520559310913086
