year,band,n_pixels,area_km2,mean_C,median_C,p25_C,p75_C,iqr_C,std_C
2023,B_0_2km,298018,268.2162,38.501678466796875,38.24184036254883,36.04234313964844,40.817317962646484,4.774974822998047,3.3093490600585938
2023,B_2_4km,238969,215.0721,36.68254470825195,36.49010467529297,34.914398193359375,38.31019973754883,3.395801544189453,2.863844633102417
2023,B_4_6km,167037,150.3333,36.51770782470703,36.44567108154297,34.403404235839844,38.643455505371094,4.24005126953125,3.183114767074585
2023,B_6_8km,66680,60.012,36.440547943115234,36.816524505615234,34.517906188964844,38.88271713256836,4.364810943603516,3.452054977416992
2023,B_8_10km,3091,2.7819,32.36598205566406,30.846952438354492,30.495750427246094,32.91485595703125,2.4191055297851562,3.1331076622009277
2024,B_0_2km,298112,268.3008,36.94683074951172,36.702022552490234,34.79134750366211,38.81093978881836,4.01959228515625,2.8156745433807373
2024,B_2_4km,239018,215.1162,35.569068908691406,35.34848403930664,33.90266418457031,37.1395263671875,3.2368621826171875,2.5509135723114014
2024,B_4_6km,167050,150.345,35.58408737182617,35.498878479003906,33.48224639892578,37.54627227783203,4.06402587890625,2.845458745956421
2024,B_6_8km,66691,60.0219,35.68574523925781,35.87314987182617,34.00862121582031,37.8180046081543,3.8093833923339844,2.996951103210449
2024,B_8_10km,3109,2.7981,32.20730972290039,31.024690628051758,30.71023178100586,33.171207427978516,2.4609756469726562,2.401991367340088
2025,B_0_2km,298128,268.3152,34.84416580200195,34.34358596801758,32.720027923583984,36.54308319091797,3.8230552673339844,2.833223342895508
2025,B_2_4km,239078,215.1702,33.167327880859375,32.89263916015625,31.691204071044922,34.34358596801758,2.6523818969726562,2.143108606338501
2025,B_4_6km,167072,150.3648,33.15620040893555,32.848201751708984,31.373327255249023,34.581138610839844,3.2078113555908203,2.508741617202759
2025,B_6_8km,66698,60.0282,33.41272735595703,33.328433990478516,31.62626075744629,35.061370849609375,3.435110092163086,2.685410499572754
2025,B_8_10km,3145,2.8305,31.11710548400879,29.80787467956543,29.36353302001953,31.62796974182129,2.264436721801758,2.780709743499756
