year,n_daily_records,t2m_mean,t2m_std,t2m_max_mean,t2m_min_mean,t2m_abs_max,t2m_abs_min,t2m_range_mean,solar_radiation_mean,solar_radiation_total,precip_total,precip_mean,precip_days_gt_1mm,precip_days_gt_10mm,rh2m_mean,rh2m_std,ws2m_mean,ws2m_std,is_complete_year
2013,365,27.816493150684927,0.6686391609551808,30.62484931506849,26.10375342465753,33.2,23.34,4.521095890410958,19.389013698630137,7076.99,947.32,2.5953972602739728,160,26,79.85043835616439,4.0511852592936535,4.197287671232877,1.369591475541176,True
2014,365,28.002465753424655,0.7557591715189037,31.01293150684932,26.154493150684935,34.09,23.92,4.858438356164384,20.18758904109589,7368.47,793.6300000000001,2.174328767123288,123,21,78.68528767123289,4.648917425321457,4.344767123287671,1.1698606393069515,True
2015,365,27.965123287671233,0.7283843317633844,30.91849315068493,26.157616438356165,34.04,23.85,4.760876712328767,20.184876712328766,7367.48,775.12,2.1236164383561644,155,14,79.70268493150685,4.458824923050376,4.284602739726028,1.3222319909549007,True
2016,366,28.01027322404371,0.6102251385059825,30.701803278688526,26.401092896174863,33.78,24.52,4.300710382513661,19.30636612021858,7066.13,1520.99,4.155710382513662,202,41,81.16021857923496,4.924577885398149,3.9643169398907103,1.4337392239482032,True
2017,365,27.731808219178085,0.7916744089033563,30.253342465753427,26.179315068493153,34.11,22.72,4.074027397260274,19.459041095890413,7102.55,2332.5499999999997,6.390547945205479,210,53,82.00235616438356,4.566542315467174,3.838383561643836,1.4629260404166164,True
2018,365,27.456027397260275,0.6064749972787425,30.155178082191778,25.80961643835616,34.22,23.11,4.345561643835616,20.25032876712329,7391.37,1345.71,3.6868767123287673,193,37,81.8447397260274,4.893058634734566,4.1735342465753416,1.2526540404737294,True
2019,365,27.84619178082192,0.7308083109098427,30.654876712328765,26.159150684931507,33.85,23.66,4.495726027397261,19.922712328767123,7271.79,1064.5900000000001,2.91668493150685,169,33,81.29780821917808,4.427299255684305,4.052794520547945,1.2603921306668078,True
2020,366,28.322486338797813,0.7426093156588269,31.2615300546448,26.470081967213112,34.23,24.17,4.791448087431694,19.999453551912566,7319.799999999999,468.19000000000005,1.2792076502732241,104,6,77.91696721311476,3.9389371119027543,4.032322404371585,1.4279807814564585,True
2021,365,28.138383561643835,0.9706675315842674,31.021424657534247,26.258849315068492,34.62,22.88,4.7625753424657535,20.033753424657533,7312.32,460.54999999999995,1.2617808219178082,125,2,78.12117808219178,3.3039763728038003,4.275013698630136,1.1052163093581149,True
2022,365,27.73117808219178,0.6013555964356228,30.32695890410959,26.074794520547947,33.69,23.65,4.252164383561643,18.953013698630137,6917.85,1841.7,5.045753424657534,221,57,80.94109589041096,5.039327739932196,3.844958904109589,1.3491264210424607,True
2023,365,28.216027397260277,1.000525328671525,30.89539726027397,26.53939726027397,33.93,23.03,4.356,20.02468493150685,7309.01,1748.68,4.790904109589041,189,46,81.54652054794522,4.55424457285556,3.869698630136986,1.3819349259990217,True
2024,366,28.62601092896175,0.7408118019494753,31.32762295081967,26.953661202185796,35.36,24.59,4.37396174863388,18.94879781420765,6935.26,1684.77,4.603196721311475,217,42,81.0737431693989,4.698323621719273,3.6015027322404376,1.3759092371081885,True
2025,365,28.446849315068498,0.6964313995395665,30.852191780821915,26.90191780821918,33.86,25.05,3.9502739726027394,19.07656509695291,6886.64,1524.58,4.176931506849315,275,15,79.83715068493152,3.058645662326912,3.9505479452054795,1.3272824943508925,True
