year,delta_t2m_mean_Y_minus_Yminus1,delta_solar_radiation_mean_Y_minus_Yminus1
2016,0.04514993637247855,-0.8785105921101852
2017,-0.27846500486562675,0.1526749756718324
2018,-0.2757808219178095,0.791287671232876
2019,0.3901643835616433,-0.3276164383561664
2020,0.47629455797589415,0.07674122314544363
2021,-0.18410277715397783,0.03429987274496682
2022,-0.4072054794520561,-1.0807397260273959
2023,0.48484931506849804,1.0716712328767137
2024,0.4099835317014744,-1.0758871172991995
2025,-0.17916161389325325,0.12776728274525695
