year,n_records,expected_days,min_date,max_date,is_complete_year,missing_T2M,missing_T2M_MAX,missing_T2M_MIN,missing_ALLSKY_SFC_SW_DWN,missing_PRECTOTCORR,missing_RH2M,missing_WS2M
2013,365,365,2013-01-01,2013-12-31,True,0,0,0,0,0,0,0
2014,365,365,2014-01-01,2014-12-31,True,0,0,0,0,0,0,0
2015,365,365,2015-01-01,2015-12-31,True,0,0,0,0,0,0,0
2016,366,366,2016-01-01,2016-12-31,True,0,0,0,0,0,0,0
2017,365,365,2017-01-01,2017-12-31,True,0,0,0,0,0,0,0
2018,365,365,2018-01-01,2018-12-31,True,0,0,0,0,0,0,0
2019,365,365,2019-01-01,2019-12-31,True,0,0,0,0,0,0,0
2020,366,366,2020-01-01,2020-12-31,True,0,0,0,0,0,0,0
2021,365,365,2021-01-01,2021-12-31,True,0,0,0,0,0,0,0
2022,365,365,2022-01-01,2022-12-31,True,0,0,0,0,0,0,0
2023,365,365,2023-01-01,2023-12-31,True,0,0,0,0,0,0,0
2024,366,366,2024-01-01,2024-12-31,True,0,0,0,0,0,0,0
2025,365,365,2025-01-01,2025-12-31,True,0,0,0,4,0,0,0
