year,var,file,shape,crs,nodata,shape_ok,crs_ok,transform_ok,geom_ok
2013,NDVI,EXP10Bv6_NDVI_median_2013.tif,"(1115, 1257)",EPSG:32618,-9999.0,True,True,True,True
2013,NDMI,EXP10Bv6_NDMI_median_2013.tif,"(1115, 1257)",EPSG:32618,-9999.0,True,True,True,True
2013,NDBI,EXP10Bv6_NDBI_median_2013.tif,"(1115, 1257)",EPSG:32618,-9999.0,True,True,True,True
2013,UI,EXP10Bv6_UI_median_2013.tif,"(1115, 1257)",EPSG:32618,-9999.0,True,True,True,True
2013,SAVI,EXP10Bv6_SAVI_median_2013.tif,"(1115, 1257)",EPSG:32618,-9999.0,True,True,True,True
2013,BSI,EXP10Bv6_BSI_median_2013.tif,"(1115, 1257)",EPSG:32618,-9999.0,True,True,True,True
2013,LST,EXP10Bv6_LST_median_2013.tif,"(1115, 1257)",EPSG:32618,-9999.0,True,True,True,True
2013,n_obs_indices,EXP10Bv6_n_obs_indices_2013.tif,"(1115, 1257)",EPSG:32618,0.0,True,True,True,True
2013,n_obs_LST,EXP10Bv6_n_obs_LST_2013.tif,"(1115, 1257)",EPSG:32618,0.0,True,True,True,True
2014,NDVI,EXP10Bv6_NDVI_median_2014.tif,"(1115, 1257)",EPSG:32618,-9999.0,True,True,True,True
2014,NDMI,EXP10Bv6_NDMI_median_2014.tif,"(1115, 1257)",EPSG:32618,-9999.0,True,True,True,True
2014,NDBI,EXP10Bv6_NDBI_median_2014.tif,"(1115, 1257)",EPSG:32618,-9999.0,True,True,True,True
2014,UI,EXP10Bv6_UI_median_2014.tif,"(1115, 1257)",EPSG:32618,-9999.0,True,True,True,True
2014,SAVI,EXP10Bv6_SAVI_median_2014.tif,"(1115, 1257)",EPSG:32618,-9999.0,True,True,True,True
2014,BSI,EXP10Bv6_BSI_median_2014.tif,"(1115, 1257)",EPSG:32618,-9999.0,True,True,True,True
2014,LST,EXP10Bv6_LST_median_2014.tif,"(1115, 1257)",EPSG:32618,-9999.0,True,True,True,True
2014,n_obs_indices,EXP10Bv6_n_obs_indices_2014.tif,"(1115, 1257)",EPSG:32618,0.0,True,True,True,True
2014,n_obs_LST,EXP10Bv6_n_obs_LST_2014.tif,"(1115, 1257)",EPSG:32618,0.0,True,True,True,True
2015,NDVI,EXP10Bv6_NDVI_median_2015.tif,"(1115, 1257)",EPSG:32618,-9999.0,True,True,True,True
2015,NDMI,EXP10Bv6_NDMI_median_2015.tif,"(1115, 1257)",EPSG:32618,-9999.0,True,True,True,True
2015,NDBI,EXP10Bv6_NDBI_median_2015.tif,"(1115, 1257)",EPSG:32618,-9999.0,True,True,True,True
2015,UI,EXP10Bv6_UI_median_2015.tif,"(1115, 1257)",EPSG:32618,-9999.0,True,True,True,True
2015,SAVI,EXP10Bv6_SAVI_median_2015.tif,"(1115, 1257)",EPSG:32618,-9999.0,True,True,True,True
2015,BSI,EXP10Bv6_BSI_median_2015.tif,"(1115, 1257)",EPSG:32618,-9999.0,True,True,True,True
2015,LST,EXP10Bv6_LST_median_2015.tif,"(1115, 1257)",EPSG:32618,-9999.0,True,True,True,True
2015,n_obs_indices,EXP10Bv6_n_obs_indices_2015.tif,"(1115, 1257)",EPSG:32618,0.0,True,True,True,True
2015,n_obs_LST,EXP10Bv6_n_obs_LST_2015.tif,"(1115, 1257)",EPSG:32618,0.0,True,True,True,True
2016,NDVI,EXP10Bv6_NDVI_median_2016.tif,"(1115, 1257)",EPSG:32618,-9999.0,True,True,True,True
2016,NDMI,EXP10Bv6_NDMI_median_2016.tif,"(1115, 1257)",EPSG:32618,-9999.0,True,True,True,True
2016,NDBI,EXP10Bv6_NDBI_median_2016.tif,"(1115, 1257)",EPSG:32618,-9999.0,True,True,True,True
2016,UI,EXP10Bv6_UI_median_2016.tif,"(1115, 1257)",EPSG:32618,-9999.0,True,True,True,True
2016,SAVI,EXP10Bv6_SAVI_median_2016.tif,"(1115, 1257)",EPSG:32618,-9999.0,True,True,True,True
2016,BSI,EXP10Bv6_BSI_median_2016.tif,"(1115, 1257)",EPSG:32618,-9999.0,True,True,True,True
2016,LST,EXP10Bv6_LST_median_2016.tif,"(1115, 1257)",EPSG:32618,-9999.0,True,True,True,True
2016,n_obs_indices,EXP10Bv6_n_obs_indices_2016.tif,"(1115, 1257)",EPSG:32618,0.0,True,True,True,True
2016,n_obs_LST,EXP10Bv6_n_obs_LST_2016.tif,"(1115, 1257)",EPSG:32618,0.0,True,True,True,True
2017,NDVI,EXP10Bv6_NDVI_median_2017.tif,"(1115, 1257)",EPSG:32618,-9999.0,True,True,True,True
2017,NDMI,EXP10Bv6_NDMI_median_2017.tif,"(1115, 1257)",EPSG:32618,-9999.0,True,True,True,True
2017,NDBI,EXP10Bv6_NDBI_median_2017.tif,"(1115, 1257)",EPSG:32618,-9999.0,True,True,True,True
2017,UI,EXP10Bv6_UI_median_2017.tif,"(1115, 1257)",EPSG:32618,-9999.0,True,True,True,True
2017,SAVI,EXP10Bv6_SAVI_median_2017.tif,"(1115, 1257)",EPSG:32618,-9999.0,True,True,True,True
2017,BSI,EXP10Bv6_BSI_median_2017.tif,"(1115, 1257)",EPSG:32618,-9999.0,True,True,True,True
2017,LST,EXP10Bv6_LST_median_2017.tif,"(1115, 1257)",EPSG:32618,-9999.0,True,True,True,True
2017,n_obs_indices,EXP10Bv6_n_obs_indices_2017.tif,"(1115, 1257)",EPSG:32618,0.0,True,True,True,True
2017,n_obs_LST,EXP10Bv6_n_obs_LST_2017.tif,"(1115, 1257)",EPSG:32618,0.0,True,True,True,True
2018,NDVI,EXP10Bv6_NDVI_median_2018.tif,"(1115, 1257)",EPSG:32618,-9999.0,True,True,True,True
2018,NDMI,EXP10Bv6_NDMI_median_2018.tif,"(1115, 1257)",EPSG:32618,-9999.0,True,True,True,True
2018,NDBI,EXP10Bv6_NDBI_median_2018.tif,"(1115, 1257)",EPSG:32618,-9999.0,True,True,True,True
2018,UI,EXP10Bv6_UI_median_2018.tif,"(1115, 1257)",EPSG:32618,-9999.0,True,True,True,True
2018,SAVI,EXP10Bv6_SAVI_median_2018.tif,"(1115, 1257)",EPSG:32618,-9999.0,True,True,True,True
2018,BSI,EXP10Bv6_BSI_median_2018.tif,"(1115, 1257)",EPSG:32618,-9999.0,True,True,True,True
2018,LST,EXP10Bv6_LST_median_2018.tif,"(1115, 1257)",EPSG:32618,-9999.0,True,True,True,True
2018,n_obs_indices,EXP10Bv6_n_obs_indices_2018.tif,"(1115, 1257)",EPSG:32618,0.0,True,True,True,True
2018,n_obs_LST,EXP10Bv6_n_obs_LST_2018.tif,"(1115, 1257)",EPSG:32618,0.0,True,True,True,True
2019,NDVI,EXP10Bv6_NDVI_median_2019.tif,"(1115, 1257)",EPSG:32618,-9999.0,True,True,True,True
2019,NDMI,EXP10Bv6_NDMI_median_2019.tif,"(1115, 1257)",EPSG:32618,-9999.0,True,True,True,True
2019,NDBI,EXP10Bv6_NDBI_median_2019.tif,"(1115, 1257)",EPSG:32618,-9999.0,True,True,True,True
2019,UI,EXP10Bv6_UI_median_2019.tif,"(1115, 1257)",EPSG:32618,-9999.0,True,True,True,True
2019,SAVI,EXP10Bv6_SAVI_median_2019.tif,"(1115, 1257)",EPSG:32618,-9999.0,True,True,True,True
2019,BSI,EXP10Bv6_BSI_median_2019.tif,"(1115, 1257)",EPSG:32618,-9999.0,True,True,True,True
2019,LST,EXP10Bv6_LST_median_2019.tif,"(1115, 1257)",EPSG:32618,-9999.0,True,True,True,True
2019,n_obs_indices,EXP10Bv6_n_obs_indices_2019.tif,"(1115, 1257)",EPSG:32618,0.0,True,True,True,True
2019,n_obs_LST,EXP10Bv6_n_obs_LST_2019.tif,"(1115, 1257)",EPSG:32618,0.0,True,True,True,True
2020,NDVI,EXP10Bv6_NDVI_median_2020.tif,"(1115, 1257)",EPSG:32618,-9999.0,True,True,True,True
2020,NDMI,EXP10Bv6_NDMI_median_2020.tif,"(1115, 1257)",EPSG:32618,-9999.0,True,True,True,True
2020,NDBI,EXP10Bv6_NDBI_median_2020.tif,"(1115, 1257)",EPSG:32618,-9999.0,True,True,True,True
2020,UI,EXP10Bv6_UI_median_2020.tif,"(1115, 1257)",EPSG:32618,-9999.0,True,True,True,True
2020,SAVI,EXP10Bv6_SAVI_median_2020.tif,"(1115, 1257)",EPSG:32618,-9999.0,True,True,True,True
2020,BSI,EXP10Bv6_BSI_median_2020.tif,"(1115, 1257)",EPSG:32618,-9999.0,True,True,True,True
2020,LST,EXP10Bv6_LST_median_2020.tif,"(1115, 1257)",EPSG:32618,-9999.0,True,True,True,True
2020,n_obs_indices,EXP10Bv6_n_obs_indices_2020.tif,"(1115, 1257)",EPSG:32618,0.0,True,True,True,True
2020,n_obs_LST,EXP10Bv6_n_obs_LST_2020.tif,"(1115, 1257)",EPSG:32618,0.0,True,True,True,True
2021,NDVI,EXP10Bv6_NDVI_median_2021.tif,"(1115, 1257)",EPSG:32618,-9999.0,True,True,True,True
2021,NDMI,EXP10Bv6_NDMI_median_2021.tif,"(1115, 1257)",EPSG:32618,-9999.0,True,True,True,True
2021,NDBI,EXP10Bv6_NDBI_median_2021.tif,"(1115, 1257)",EPSG:32618,-9999.0,True,True,True,True
2021,UI,EXP10Bv6_UI_median_2021.tif,"(1115, 1257)",EPSG:32618,-9999.0,True,True,True,True
2021,SAVI,EXP10Bv6_SAVI_median_2021.tif,"(1115, 1257)",EPSG:32618,-9999.0,True,True,True,True
2021,BSI,EXP10Bv6_BSI_median_2021.tif,"(1115, 1257)",EPSG:32618,-9999.0,True,True,True,True
2021,LST,EXP10Bv6_LST_median_2021.tif,"(1115, 1257)",EPSG:32618,-9999.0,True,True,True,True
2021,n_obs_indices,EXP10Bv6_n_obs_indices_2021.tif,"(1115, 1257)",EPSG:32618,0.0,True,True,True,True
2021,n_obs_LST,EXP10Bv6_n_obs_LST_2021.tif,"(1115, 1257)",EPSG:32618,0.0,True,True,True,True
2022,NDVI,EXP10Bv6_NDVI_median_2022.tif,"(1115, 1257)",EPSG:32618,-9999.0,True,True,True,True
2022,NDMI,EXP10Bv6_NDMI_median_2022.tif,"(1115, 1257)",EPSG:32618,-9999.0,True,True,True,True
2022,NDBI,EXP10Bv6_NDBI_median_2022.tif,"(1115, 1257)",EPSG:32618,-9999.0,True,True,True,True
2022,UI,EXP10Bv6_UI_median_2022.tif,"(1115, 1257)",EPSG:32618,-9999.0,True,True,True,True
2022,SAVI,EXP10Bv6_SAVI_median_2022.tif,"(1115, 1257)",EPSG:32618,-9999.0,True,True,True,True
2022,BSI,EXP10Bv6_BSI_median_2022.tif,"(1115, 1257)",EPSG:32618,-9999.0,True,True,True,True
2022,LST,EXP10Bv6_LST_median_2022.tif,"(1115, 1257)",EPSG:32618,-9999.0,True,True,True,True
2022,n_obs_indices,EXP10Bv6_n_obs_indices_2022.tif,"(1115, 1257)",EPSG:32618,0.0,True,True,True,True
2022,n_obs_LST,EXP10Bv6_n_obs_LST_2022.tif,"(1115, 1257)",EPSG:32618,0.0,True,True,True,True
2023,NDVI,EXP10Bv6_NDVI_median_2023.tif,"(1115, 1257)",EPSG:32618,-9999.0,True,True,True,True
2023,NDMI,EXP10Bv6_NDMI_median_2023.tif,"(1115, 1257)",EPSG:32618,-9999.0,True,True,True,True
2023,NDBI,EXP10Bv6_NDBI_median_2023.tif,"(1115, 1257)",EPSG:32618,-9999.0,True,True,True,True
2023,UI,EXP10Bv6_UI_median_2023.tif,"(1115, 1257)",EPSG:32618,-9999.0,True,True,True,True
2023,SAVI,EXP10Bv6_SAVI_median_2023.tif,"(1115, 1257)",EPSG:32618,-9999.0,True,True,True,True
2023,BSI,EXP10Bv6_BSI_median_2023.tif,"(1115, 1257)",EPSG:32618,-9999.0,True,True,True,True
2023,LST,EXP10Bv6_LST_median_2023.tif,"(1115, 1257)",EPSG:32618,-9999.0,True,True,True,True
2023,n_obs_indices,EXP10Bv6_n_obs_indices_2023.tif,"(1115, 1257)",EPSG:32618,0.0,True,True,True,True
2023,n_obs_LST,EXP10Bv6_n_obs_LST_2023.tif,"(1115, 1257)",EPSG:32618,0.0,True,True,True,True
2024,NDVI,EXP10Bv6_NDVI_median_2024.tif,"(1115, 1257)",EPSG:32618,-9999.0,True,True,True,True
2024,NDMI,EXP10Bv6_NDMI_median_2024.tif,"(1115, 1257)",EPSG:32618,-9999.0,True,True,True,True
2024,NDBI,EXP10Bv6_NDBI_median_2024.tif,"(1115, 1257)",EPSG:32618,-9999.0,True,True,True,True
2024,UI,EXP10Bv6_UI_median_2024.tif,"(1115, 1257)",EPSG:32618,-9999.0,True,True,True,True
2024,SAVI,EXP10Bv6_SAVI_median_2024.tif,"(1115, 1257)",EPSG:32618,-9999.0,True,True,True,True
2024,BSI,EXP10Bv6_BSI_median_2024.tif,"(1115, 1257)",EPSG:32618,-9999.0,True,True,True,True
2024,LST,EXP10Bv6_LST_median_2024.tif,"(1115, 1257)",EPSG:32618,-9999.0,True,True,True,True
2024,n_obs_indices,EXP10Bv6_n_obs_indices_2024.tif,"(1115, 1257)",EPSG:32618,0.0,True,True,True,True
2024,n_obs_LST,EXP10Bv6_n_obs_LST_2024.tif,"(1115, 1257)",EPSG:32618,0.0,True,True,True,True
2025,NDVI,EXP10Bv6_NDVI_median_2025.tif,"(1115, 1257)",EPSG:32618,-9999.0,True,True,True,True
2025,NDMI,EXP10Bv6_NDMI_median_2025.tif,"(1115, 1257)",EPSG:32618,-9999.0,True,True,True,True
2025,NDBI,EXP10Bv6_NDBI_median_2025.tif,"(1115, 1257)",EPSG:32618,-9999.0,True,True,True,True
2025,UI,EXP10Bv6_UI_median_2025.tif,"(1115, 1257)",EPSG:32618,-9999.0,True,True,True,True
2025,SAVI,EXP10Bv6_SAVI_median_2025.tif,"(1115, 1257)",EPSG:32618,-9999.0,True,True,True,True
2025,BSI,EXP10Bv6_BSI_median_2025.tif,"(1115, 1257)",EPSG:32618,-9999.0,True,True,True,True
2025,LST,EXP10Bv6_LST_median_2025.tif,"(1115, 1257)",EPSG:32618,-9999.0,True,True,True,True
2025,n_obs_indices,EXP10Bv6_n_obs_indices_2025.tif,"(1115, 1257)",EPSG:32618,0.0,True,True,True,True
2025,n_obs_LST,EXP10Bv6_n_obs_LST_2025.tif,"(1115, 1257)",EPSG:32618,0.0,True,True,True,True
