year,var,file,path,exists,size_mb
2013,NDVI,EXP10C_NDVI_robust01_train_2013.tif,/content/drive/MyDrive/Barranquilla_LST_2013_2026_Modeling/05_normalized_products/v6_train_only_mixed_strategy/EXP10C_NDVI_robust01_train_2013.tif,True,2.8098669052124023
2013,NDMI,EXP10C_NDMI_robust01_train_2013.tif,/content/drive/MyDrive/Barranquilla_LST_2013_2026_Modeling/05_normalized_products/v6_train_only_mixed_strategy/EXP10C_NDMI_robust01_train_2013.tif,True,2.8941593170166016
2013,NDBI,EXP10C_NDBI_robust01_train_2013.tif,/content/drive/MyDrive/Barranquilla_LST_2013_2026_Modeling/05_normalized_products/v6_train_only_mixed_strategy/EXP10C_NDBI_robust01_train_2013.tif,True,2.9233055114746094
2013,UI,EXP10C_UI_robust01_train_2013.tif,/content/drive/MyDrive/Barranquilla_LST_2013_2026_Modeling/05_normalized_products/v6_train_only_mixed_strategy/EXP10C_UI_robust01_train_2013.tif,True,2.9380807876586914
2013,SAVI,EXP10C_SAVI_robust01_train_2013.tif,/content/drive/MyDrive/Barranquilla_LST_2013_2026_Modeling/05_normalized_products/v6_train_only_mixed_strategy/EXP10C_SAVI_robust01_train_2013.tif,True,2.768113136291504
2013,BSI,EXP10C_BSI_robust01_train_2013.tif,/content/drive/MyDrive/Barranquilla_LST_2013_2026_Modeling/05_normalized_products/v6_train_only_mixed_strategy/EXP10C_BSI_robust01_train_2013.tif,True,2.9318532943725586
2013,LST,EXP10C_LST_zscore_train_2013.tif,/content/drive/MyDrive/Barranquilla_LST_2013_2026_Modeling/05_normalized_products/v6_train_only_mixed_strategy/EXP10C_LST_zscore_train_2013.tif,True,2.234304428100586
2013,n_obs_indices,EXP10C_n_obs_indices_2013.tif,/content/drive/MyDrive/Barranquilla_LST_2013_2026_Modeling/05_normalized_products/v6_train_only_mixed_strategy/EXP10C_n_obs_indices_2013.tif,True,0.18215084075927734
2013,n_obs_LST,EXP10C_n_obs_LST_2013.tif,/content/drive/MyDrive/Barranquilla_LST_2013_2026_Modeling/05_normalized_products/v6_train_only_mixed_strategy/EXP10C_n_obs_LST_2013.tif,True,0.18043041229248047
2014,NDVI,EXP10C_NDVI_robust01_train_2014.tif,/content/drive/MyDrive/Barranquilla_LST_2013_2026_Modeling/05_normalized_products/v6_train_only_mixed_strategy/EXP10C_NDVI_robust01_train_2014.tif,True,3.0184383392333984
2014,NDMI,EXP10C_NDMI_robust01_train_2014.tif,/content/drive/MyDrive/Barranquilla_LST_2013_2026_Modeling/05_normalized_products/v6_train_only_mixed_strategy/EXP10C_NDMI_robust01_train_2014.tif,True,2.9553565979003906
2014,NDBI,EXP10C_NDBI_robust01_train_2014.tif,/content/drive/MyDrive/Barranquilla_LST_2013_2026_Modeling/05_normalized_products/v6_train_only_mixed_strategy/EXP10C_NDBI_robust01_train_2014.tif,True,2.877645492553711
2014,UI,EXP10C_UI_robust01_train_2014.tif,/content/drive/MyDrive/Barranquilla_LST_2013_2026_Modeling/05_normalized_products/v6_train_only_mixed_strategy/EXP10C_UI_robust01_train_2014.tif,True,2.937840461730957
2014,SAVI,EXP10C_SAVI_robust01_train_2014.tif,/content/drive/MyDrive/Barranquilla_LST_2013_2026_Modeling/05_normalized_products/v6_train_only_mixed_strategy/EXP10C_SAVI_robust01_train_2014.tif,True,3.023482322692871
2014,BSI,EXP10C_BSI_robust01_train_2014.tif,/content/drive/MyDrive/Barranquilla_LST_2013_2026_Modeling/05_normalized_products/v6_train_only_mixed_strategy/EXP10C_BSI_robust01_train_2014.tif,True,2.8538856506347656
2014,LST,EXP10C_LST_zscore_train_2014.tif,/content/drive/MyDrive/Barranquilla_LST_2013_2026_Modeling/05_normalized_products/v6_train_only_mixed_strategy/EXP10C_LST_zscore_train_2014.tif,True,2.224564552307129
2014,n_obs_indices,EXP10C_n_obs_indices_2014.tif,/content/drive/MyDrive/Barranquilla_LST_2013_2026_Modeling/05_normalized_products/v6_train_only_mixed_strategy/EXP10C_n_obs_indices_2014.tif,True,0.16024112701416016
2014,n_obs_LST,EXP10C_n_obs_LST_2014.tif,/content/drive/MyDrive/Barranquilla_LST_2013_2026_Modeling/05_normalized_products/v6_train_only_mixed_strategy/EXP10C_n_obs_LST_2014.tif,True,0.15797138214111328
2015,NDVI,EXP10C_NDVI_robust01_train_2015.tif,/content/drive/MyDrive/Barranquilla_LST_2013_2026_Modeling/05_normalized_products/v6_train_only_mixed_strategy/EXP10C_NDVI_robust01_train_2015.tif,True,3.0084095001220703
2015,NDMI,EXP10C_NDMI_robust01_train_2015.tif,/content/drive/MyDrive/Barranquilla_LST_2013_2026_Modeling/05_normalized_products/v6_train_only_mixed_strategy/EXP10C_NDMI_robust01_train_2015.tif,True,2.9799680709838867
2015,NDBI,EXP10C_NDBI_robust01_train_2015.tif,/content/drive/MyDrive/Barranquilla_LST_2013_2026_Modeling/05_normalized_products/v6_train_only_mixed_strategy/EXP10C_NDBI_robust01_train_2015.tif,True,2.9043502807617188
2015,UI,EXP10C_UI_robust01_train_2015.tif,/content/drive/MyDrive/Barranquilla_LST_2013_2026_Modeling/05_normalized_products/v6_train_only_mixed_strategy/EXP10C_UI_robust01_train_2015.tif,True,2.9403953552246094
2015,SAVI,EXP10C_SAVI_robust01_train_2015.tif,/content/drive/MyDrive/Barranquilla_LST_2013_2026_Modeling/05_normalized_products/v6_train_only_mixed_strategy/EXP10C_SAVI_robust01_train_2015.tif,True,3.0225772857666016
2015,BSI,EXP10C_BSI_robust01_train_2015.tif,/content/drive/MyDrive/Barranquilla_LST_2013_2026_Modeling/05_normalized_products/v6_train_only_mixed_strategy/EXP10C_BSI_robust01_train_2015.tif,True,2.879526138305664
2015,LST,EXP10C_LST_zscore_train_2015.tif,/content/drive/MyDrive/Barranquilla_LST_2013_2026_Modeling/05_normalized_products/v6_train_only_mixed_strategy/EXP10C_LST_zscore_train_2015.tif,True,2.235161781311035
2015,n_obs_indices,EXP10C_n_obs_indices_2015.tif,/content/drive/MyDrive/Barranquilla_LST_2013_2026_Modeling/05_normalized_products/v6_train_only_mixed_strategy/EXP10C_n_obs_indices_2015.tif,True,0.14493942260742188
2015,n_obs_LST,EXP10C_n_obs_LST_2015.tif,/content/drive/MyDrive/Barranquilla_LST_2013_2026_Modeling/05_normalized_products/v6_train_only_mixed_strategy/EXP10C_n_obs_LST_2015.tif,True,0.14304733276367188
2016,NDVI,EXP10C_NDVI_robust01_train_2016.tif,/content/drive/MyDrive/Barranquilla_LST_2013_2026_Modeling/05_normalized_products/v6_train_only_mixed_strategy/EXP10C_NDVI_robust01_train_2016.tif,True,2.892003059387207
2016,NDMI,EXP10C_NDMI_robust01_train_2016.tif,/content/drive/MyDrive/Barranquilla_LST_2013_2026_Modeling/05_normalized_products/v6_train_only_mixed_strategy/EXP10C_NDMI_robust01_train_2016.tif,True,2.989410400390625
2016,NDBI,EXP10C_NDBI_robust01_train_2016.tif,/content/drive/MyDrive/Barranquilla_LST_2013_2026_Modeling/05_normalized_products/v6_train_only_mixed_strategy/EXP10C_NDBI_robust01_train_2016.tif,True,2.982457160949707
2016,UI,EXP10C_UI_robust01_train_2016.tif,/content/drive/MyDrive/Barranquilla_LST_2013_2026_Modeling/05_normalized_products/v6_train_only_mixed_strategy/EXP10C_UI_robust01_train_2016.tif,True,2.980441093444824
2016,SAVI,EXP10C_SAVI_robust01_train_2016.tif,/content/drive/MyDrive/Barranquilla_LST_2013_2026_Modeling/05_normalized_products/v6_train_only_mixed_strategy/EXP10C_SAVI_robust01_train_2016.tif,True,2.904149055480957
2016,BSI,EXP10C_BSI_robust01_train_2016.tif,/content/drive/MyDrive/Barranquilla_LST_2013_2026_Modeling/05_normalized_products/v6_train_only_mixed_strategy/EXP10C_BSI_robust01_train_2016.tif,True,2.9827985763549805
2016,LST,EXP10C_LST_zscore_train_2016.tif,/content/drive/MyDrive/Barranquilla_LST_2013_2026_Modeling/05_normalized_products/v6_train_only_mixed_strategy/EXP10C_LST_zscore_train_2016.tif,True,2.208314895629883
2016,n_obs_indices,EXP10C_n_obs_indices_2016.tif,/content/drive/MyDrive/Barranquilla_LST_2013_2026_Modeling/05_normalized_products/v6_train_only_mixed_strategy/EXP10C_n_obs_indices_2016.tif,True,0.19764041900634766
2016,n_obs_LST,EXP10C_n_obs_LST_2016.tif,/content/drive/MyDrive/Barranquilla_LST_2013_2026_Modeling/05_normalized_products/v6_train_only_mixed_strategy/EXP10C_n_obs_LST_2016.tif,True,0.19450092315673828
2017,NDVI,EXP10C_NDVI_robust01_train_2017.tif,/content/drive/MyDrive/Barranquilla_LST_2013_2026_Modeling/05_normalized_products/v6_train_only_mixed_strategy/EXP10C_NDVI_robust01_train_2017.tif,True,2.8814468383789062
2017,NDMI,EXP10C_NDMI_robust01_train_2017.tif,/content/drive/MyDrive/Barranquilla_LST_2013_2026_Modeling/05_normalized_products/v6_train_only_mixed_strategy/EXP10C_NDMI_robust01_train_2017.tif,True,2.930675506591797
2017,NDBI,EXP10C_NDBI_robust01_train_2017.tif,/content/drive/MyDrive/Barranquilla_LST_2013_2026_Modeling/05_normalized_products/v6_train_only_mixed_strategy/EXP10C_NDBI_robust01_train_2017.tif,True,2.9243011474609375
2017,UI,EXP10C_UI_robust01_train_2017.tif,/content/drive/MyDrive/Barranquilla_LST_2013_2026_Modeling/05_normalized_products/v6_train_only_mixed_strategy/EXP10C_UI_robust01_train_2017.tif,True,2.925050735473633
2017,SAVI,EXP10C_SAVI_robust01_train_2017.tif,/content/drive/MyDrive/Barranquilla_LST_2013_2026_Modeling/05_normalized_products/v6_train_only_mixed_strategy/EXP10C_SAVI_robust01_train_2017.tif,True,2.949294090270996
2017,BSI,EXP10C_BSI_robust01_train_2017.tif,/content/drive/MyDrive/Barranquilla_LST_2013_2026_Modeling/05_normalized_products/v6_train_only_mixed_strategy/EXP10C_BSI_robust01_train_2017.tif,True,2.936847686767578
2017,LST,EXP10C_LST_zscore_train_2017.tif,/content/drive/MyDrive/Barranquilla_LST_2013_2026_Modeling/05_normalized_products/v6_train_only_mixed_strategy/EXP10C_LST_zscore_train_2017.tif,True,2.215001106262207
2017,n_obs_indices,EXP10C_n_obs_indices_2017.tif,/content/drive/MyDrive/Barranquilla_LST_2013_2026_Modeling/05_normalized_products/v6_train_only_mixed_strategy/EXP10C_n_obs_indices_2017.tif,True,0.15174484252929688
2017,n_obs_LST,EXP10C_n_obs_LST_2017.tif,/content/drive/MyDrive/Barranquilla_LST_2013_2026_Modeling/05_normalized_products/v6_train_only_mixed_strategy/EXP10C_n_obs_LST_2017.tif,True,0.147796630859375
2018,NDVI,EXP10C_NDVI_robust01_train_2018.tif,/content/drive/MyDrive/Barranquilla_LST_2013_2026_Modeling/05_normalized_products/v6_train_only_mixed_strategy/EXP10C_NDVI_robust01_train_2018.tif,True,2.9734182357788086
2018,NDMI,EXP10C_NDMI_robust01_train_2018.tif,/content/drive/MyDrive/Barranquilla_LST_2013_2026_Modeling/05_normalized_products/v6_train_only_mixed_strategy/EXP10C_NDMI_robust01_train_2018.tif,True,2.9195261001586914
2018,NDBI,EXP10C_NDBI_robust01_train_2018.tif,/content/drive/MyDrive/Barranquilla_LST_2013_2026_Modeling/05_normalized_products/v6_train_only_mixed_strategy/EXP10C_NDBI_robust01_train_2018.tif,True,2.8927202224731445
2018,UI,EXP10C_UI_robust01_train_2018.tif,/content/drive/MyDrive/Barranquilla_LST_2013_2026_Modeling/05_normalized_products/v6_train_only_mixed_strategy/EXP10C_UI_robust01_train_2018.tif,True,2.909269332885742
2018,SAVI,EXP10C_SAVI_robust01_train_2018.tif,/content/drive/MyDrive/Barranquilla_LST_2013_2026_Modeling/05_normalized_products/v6_train_only_mixed_strategy/EXP10C_SAVI_robust01_train_2018.tif,True,3.001537322998047
2018,BSI,EXP10C_BSI_robust01_train_2018.tif,/content/drive/MyDrive/Barranquilla_LST_2013_2026_Modeling/05_normalized_products/v6_train_only_mixed_strategy/EXP10C_BSI_robust01_train_2018.tif,True,2.9131851196289062
2018,LST,EXP10C_LST_zscore_train_2018.tif,/content/drive/MyDrive/Barranquilla_LST_2013_2026_Modeling/05_normalized_products/v6_train_only_mixed_strategy/EXP10C_LST_zscore_train_2018.tif,True,2.244767189025879
2018,n_obs_indices,EXP10C_n_obs_indices_2018.tif,/content/drive/MyDrive/Barranquilla_LST_2013_2026_Modeling/05_normalized_products/v6_train_only_mixed_strategy/EXP10C_n_obs_indices_2018.tif,True,0.1761465072631836
2018,n_obs_LST,EXP10C_n_obs_LST_2018.tif,/content/drive/MyDrive/Barranquilla_LST_2013_2026_Modeling/05_normalized_products/v6_train_only_mixed_strategy/EXP10C_n_obs_LST_2018.tif,True,0.1730632781982422
2019,NDVI,EXP10C_NDVI_robust01_train_2019.tif,/content/drive/MyDrive/Barranquilla_LST_2013_2026_Modeling/05_normalized_products/v6_train_only_mixed_strategy/EXP10C_NDVI_robust01_train_2019.tif,True,2.986492156982422
2019,NDMI,EXP10C_NDMI_robust01_train_2019.tif,/content/drive/MyDrive/Barranquilla_LST_2013_2026_Modeling/05_normalized_products/v6_train_only_mixed_strategy/EXP10C_NDMI_robust01_train_2019.tif,True,2.9021730422973633
2019,NDBI,EXP10C_NDBI_robust01_train_2019.tif,/content/drive/MyDrive/Barranquilla_LST_2013_2026_Modeling/05_normalized_products/v6_train_only_mixed_strategy/EXP10C_NDBI_robust01_train_2019.tif,True,2.839766502380371
2019,UI,EXP10C_UI_robust01_train_2019.tif,/content/drive/MyDrive/Barranquilla_LST_2013_2026_Modeling/05_normalized_products/v6_train_only_mixed_strategy/EXP10C_UI_robust01_train_2019.tif,True,2.8814096450805664
2019,SAVI,EXP10C_SAVI_robust01_train_2019.tif,/content/drive/MyDrive/Barranquilla_LST_2013_2026_Modeling/05_normalized_products/v6_train_only_mixed_strategy/EXP10C_SAVI_robust01_train_2019.tif,True,3.0195884704589844
2019,BSI,EXP10C_BSI_robust01_train_2019.tif,/content/drive/MyDrive/Barranquilla_LST_2013_2026_Modeling/05_normalized_products/v6_train_only_mixed_strategy/EXP10C_BSI_robust01_train_2019.tif,True,2.842644691467285
2019,LST,EXP10C_LST_zscore_train_2019.tif,/content/drive/MyDrive/Barranquilla_LST_2013_2026_Modeling/05_normalized_products/v6_train_only_mixed_strategy/EXP10C_LST_zscore_train_2019.tif,True,2.224789619445801
2019,n_obs_indices,EXP10C_n_obs_indices_2019.tif,/content/drive/MyDrive/Barranquilla_LST_2013_2026_Modeling/05_normalized_products/v6_train_only_mixed_strategy/EXP10C_n_obs_indices_2019.tif,True,0.18386459350585938
2019,n_obs_LST,EXP10C_n_obs_LST_2019.tif,/content/drive/MyDrive/Barranquilla_LST_2013_2026_Modeling/05_normalized_products/v6_train_only_mixed_strategy/EXP10C_n_obs_LST_2019.tif,True,0.18117141723632812
2020,NDVI,EXP10C_NDVI_robust01_train_2020.tif,/content/drive/MyDrive/Barranquilla_LST_2013_2026_Modeling/05_normalized_products/v6_train_only_mixed_strategy/EXP10C_NDVI_robust01_train_2020.tif,True,2.9631919860839844
2020,NDMI,EXP10C_NDMI_robust01_train_2020.tif,/content/drive/MyDrive/Barranquilla_LST_2013_2026_Modeling/05_normalized_products/v6_train_only_mixed_strategy/EXP10C_NDMI_robust01_train_2020.tif,True,2.9569931030273438
2020,NDBI,EXP10C_NDBI_robust01_train_2020.tif,/content/drive/MyDrive/Barranquilla_LST_2013_2026_Modeling/05_normalized_products/v6_train_only_mixed_strategy/EXP10C_NDBI_robust01_train_2020.tif,True,2.931147575378418
2020,UI,EXP10C_UI_robust01_train_2020.tif,/content/drive/MyDrive/Barranquilla_LST_2013_2026_Modeling/05_normalized_products/v6_train_only_mixed_strategy/EXP10C_UI_robust01_train_2020.tif,True,2.924178123474121
2020,SAVI,EXP10C_SAVI_robust01_train_2020.tif,/content/drive/MyDrive/Barranquilla_LST_2013_2026_Modeling/05_normalized_products/v6_train_only_mixed_strategy/EXP10C_SAVI_robust01_train_2020.tif,True,2.9994449615478516
2020,BSI,EXP10C_BSI_robust01_train_2020.tif,/content/drive/MyDrive/Barranquilla_LST_2013_2026_Modeling/05_normalized_products/v6_train_only_mixed_strategy/EXP10C_BSI_robust01_train_2020.tif,True,2.926708221435547
2020,LST,EXP10C_LST_zscore_train_2020.tif,/content/drive/MyDrive/Barranquilla_LST_2013_2026_Modeling/05_normalized_products/v6_train_only_mixed_strategy/EXP10C_LST_zscore_train_2020.tif,True,2.2314300537109375
2020,n_obs_indices,EXP10C_n_obs_indices_2020.tif,/content/drive/MyDrive/Barranquilla_LST_2013_2026_Modeling/05_normalized_products/v6_train_only_mixed_strategy/EXP10C_n_obs_indices_2020.tif,True,0.2089061737060547
2020,n_obs_LST,EXP10C_n_obs_LST_2020.tif,/content/drive/MyDrive/Barranquilla_LST_2013_2026_Modeling/05_normalized_products/v6_train_only_mixed_strategy/EXP10C_n_obs_LST_2020.tif,True,0.20586872100830078
2021,NDVI,EXP10C_NDVI_robust01_train_2021.tif,/content/drive/MyDrive/Barranquilla_LST_2013_2026_Modeling/05_normalized_products/v6_train_only_mixed_strategy/EXP10C_NDVI_robust01_train_2021.tif,True,2.609437942504883
2021,NDMI,EXP10C_NDMI_robust01_train_2021.tif,/content/drive/MyDrive/Barranquilla_LST_2013_2026_Modeling/05_normalized_products/v6_train_only_mixed_strategy/EXP10C_NDMI_robust01_train_2021.tif,True,2.8626785278320312
2021,NDBI,EXP10C_NDBI_robust01_train_2021.tif,/content/drive/MyDrive/Barranquilla_LST_2013_2026_Modeling/05_normalized_products/v6_train_only_mixed_strategy/EXP10C_NDBI_robust01_train_2021.tif,True,2.9005212783813477
2021,UI,EXP10C_UI_robust01_train_2021.tif,/content/drive/MyDrive/Barranquilla_LST_2013_2026_Modeling/05_normalized_products/v6_train_only_mixed_strategy/EXP10C_UI_robust01_train_2021.tif,True,2.8866519927978516
2021,SAVI,EXP10C_SAVI_robust01_train_2021.tif,/content/drive/MyDrive/Barranquilla_LST_2013_2026_Modeling/05_normalized_products/v6_train_only_mixed_strategy/EXP10C_SAVI_robust01_train_2021.tif,True,2.7124500274658203
2021,BSI,EXP10C_BSI_robust01_train_2021.tif,/content/drive/MyDrive/Barranquilla_LST_2013_2026_Modeling/05_normalized_products/v6_train_only_mixed_strategy/EXP10C_BSI_robust01_train_2021.tif,True,2.886458396911621
2021,LST,EXP10C_LST_zscore_train_2021.tif,/content/drive/MyDrive/Barranquilla_LST_2013_2026_Modeling/05_normalized_products/v6_train_only_mixed_strategy/EXP10C_LST_zscore_train_2021.tif,True,2.196681022644043
2021,n_obs_indices,EXP10C_n_obs_indices_2021.tif,/content/drive/MyDrive/Barranquilla_LST_2013_2026_Modeling/05_normalized_products/v6_train_only_mixed_strategy/EXP10C_n_obs_indices_2021.tif,True,0.1807413101196289
2021,n_obs_LST,EXP10C_n_obs_LST_2021.tif,/content/drive/MyDrive/Barranquilla_LST_2013_2026_Modeling/05_normalized_products/v6_train_only_mixed_strategy/EXP10C_n_obs_LST_2021.tif,True,0.17749786376953125
2022,NDVI,EXP10C_NDVI_robust01_train_2022.tif,/content/drive/MyDrive/Barranquilla_LST_2013_2026_Modeling/05_normalized_products/v6_train_only_mixed_strategy/EXP10C_NDVI_robust01_train_2022.tif,True,2.747879981994629
2022,NDMI,EXP10C_NDMI_robust01_train_2022.tif,/content/drive/MyDrive/Barranquilla_LST_2013_2026_Modeling/05_normalized_products/v6_train_only_mixed_strategy/EXP10C_NDMI_robust01_train_2022.tif,True,2.842283248901367
2022,NDBI,EXP10C_NDBI_robust01_train_2022.tif,/content/drive/MyDrive/Barranquilla_LST_2013_2026_Modeling/05_normalized_products/v6_train_only_mixed_strategy/EXP10C_NDBI_robust01_train_2022.tif,True,2.8672027587890625
2022,UI,EXP10C_UI_robust01_train_2022.tif,/content/drive/MyDrive/Barranquilla_LST_2013_2026_Modeling/05_normalized_products/v6_train_only_mixed_strategy/EXP10C_UI_robust01_train_2022.tif,True,2.8795270919799805
2022,SAVI,EXP10C_SAVI_robust01_train_2022.tif,/content/drive/MyDrive/Barranquilla_LST_2013_2026_Modeling/05_normalized_products/v6_train_only_mixed_strategy/EXP10C_SAVI_robust01_train_2022.tif,True,2.8885860443115234
2022,BSI,EXP10C_BSI_robust01_train_2022.tif,/content/drive/MyDrive/Barranquilla_LST_2013_2026_Modeling/05_normalized_products/v6_train_only_mixed_strategy/EXP10C_BSI_robust01_train_2022.tif,True,2.896613121032715
2022,LST,EXP10C_LST_zscore_train_2022.tif,/content/drive/MyDrive/Barranquilla_LST_2013_2026_Modeling/05_normalized_products/v6_train_only_mixed_strategy/EXP10C_LST_zscore_train_2022.tif,True,2.1671857833862305
2022,n_obs_indices,EXP10C_n_obs_indices_2022.tif,/content/drive/MyDrive/Barranquilla_LST_2013_2026_Modeling/05_normalized_products/v6_train_only_mixed_strategy/EXP10C_n_obs_indices_2022.tif,True,0.2408580780029297
2022,n_obs_LST,EXP10C_n_obs_LST_2022.tif,/content/drive/MyDrive/Barranquilla_LST_2013_2026_Modeling/05_normalized_products/v6_train_only_mixed_strategy/EXP10C_n_obs_LST_2022.tif,True,0.23730945587158203
2023,NDVI,EXP10C_NDVI_robust01_train_2023.tif,/content/drive/MyDrive/Barranquilla_LST_2013_2026_Modeling/05_normalized_products/v6_train_only_mixed_strategy/EXP10C_NDVI_robust01_train_2023.tif,True,2.761943817138672
2023,NDMI,EXP10C_NDMI_robust01_train_2023.tif,/content/drive/MyDrive/Barranquilla_LST_2013_2026_Modeling/05_normalized_products/v6_train_only_mixed_strategy/EXP10C_NDMI_robust01_train_2023.tif,True,2.8677148818969727
2023,NDBI,EXP10C_NDBI_robust01_train_2023.tif,/content/drive/MyDrive/Barranquilla_LST_2013_2026_Modeling/05_normalized_products/v6_train_only_mixed_strategy/EXP10C_NDBI_robust01_train_2023.tif,True,2.886594772338867
2023,UI,EXP10C_UI_robust01_train_2023.tif,/content/drive/MyDrive/Barranquilla_LST_2013_2026_Modeling/05_normalized_products/v6_train_only_mixed_strategy/EXP10C_UI_robust01_train_2023.tif,True,2.877920150756836
2023,SAVI,EXP10C_SAVI_robust01_train_2023.tif,/content/drive/MyDrive/Barranquilla_LST_2013_2026_Modeling/05_normalized_products/v6_train_only_mixed_strategy/EXP10C_SAVI_robust01_train_2023.tif,True,2.8815221786499023
2023,BSI,EXP10C_BSI_robust01_train_2023.tif,/content/drive/MyDrive/Barranquilla_LST_2013_2026_Modeling/05_normalized_products/v6_train_only_mixed_strategy/EXP10C_BSI_robust01_train_2023.tif,True,2.908987045288086
2023,LST,EXP10C_LST_zscore_train_2023.tif,/content/drive/MyDrive/Barranquilla_LST_2013_2026_Modeling/05_normalized_products/v6_train_only_mixed_strategy/EXP10C_LST_zscore_train_2023.tif,True,2.2121286392211914
2023,n_obs_indices,EXP10C_n_obs_indices_2023.tif,/content/drive/MyDrive/Barranquilla_LST_2013_2026_Modeling/05_normalized_products/v6_train_only_mixed_strategy/EXP10C_n_obs_indices_2023.tif,True,0.2430744171142578
2023,n_obs_LST,EXP10C_n_obs_LST_2023.tif,/content/drive/MyDrive/Barranquilla_LST_2013_2026_Modeling/05_normalized_products/v6_train_only_mixed_strategy/EXP10C_n_obs_LST_2023.tif,True,0.2395315170288086
2024,NDVI,EXP10C_NDVI_robust01_train_2024.tif,/content/drive/MyDrive/Barranquilla_LST_2013_2026_Modeling/05_normalized_products/v6_train_only_mixed_strategy/EXP10C_NDVI_robust01_train_2024.tif,True,2.8786306381225586
2024,NDMI,EXP10C_NDMI_robust01_train_2024.tif,/content/drive/MyDrive/Barranquilla_LST_2013_2026_Modeling/05_normalized_products/v6_train_only_mixed_strategy/EXP10C_NDMI_robust01_train_2024.tif,True,2.893099784851074
2024,NDBI,EXP10C_NDBI_robust01_train_2024.tif,/content/drive/MyDrive/Barranquilla_LST_2013_2026_Modeling/05_normalized_products/v6_train_only_mixed_strategy/EXP10C_NDBI_robust01_train_2024.tif,True,2.8956966400146484
2024,UI,EXP10C_UI_robust01_train_2024.tif,/content/drive/MyDrive/Barranquilla_LST_2013_2026_Modeling/05_normalized_products/v6_train_only_mixed_strategy/EXP10C_UI_robust01_train_2024.tif,True,2.901352882385254
2024,SAVI,EXP10C_SAVI_robust01_train_2024.tif,/content/drive/MyDrive/Barranquilla_LST_2013_2026_Modeling/05_normalized_products/v6_train_only_mixed_strategy/EXP10C_SAVI_robust01_train_2024.tif,True,2.9405908584594727
2024,BSI,EXP10C_BSI_robust01_train_2024.tif,/content/drive/MyDrive/Barranquilla_LST_2013_2026_Modeling/05_normalized_products/v6_train_only_mixed_strategy/EXP10C_BSI_robust01_train_2024.tif,True,2.926821708679199
2024,LST,EXP10C_LST_zscore_train_2024.tif,/content/drive/MyDrive/Barranquilla_LST_2013_2026_Modeling/05_normalized_products/v6_train_only_mixed_strategy/EXP10C_LST_zscore_train_2024.tif,True,2.176337242126465
2024,n_obs_indices,EXP10C_n_obs_indices_2024.tif,/content/drive/MyDrive/Barranquilla_LST_2013_2026_Modeling/05_normalized_products/v6_train_only_mixed_strategy/EXP10C_n_obs_indices_2024.tif,True,0.23958969116210938
2024,n_obs_LST,EXP10C_n_obs_LST_2024.tif,/content/drive/MyDrive/Barranquilla_LST_2013_2026_Modeling/05_normalized_products/v6_train_only_mixed_strategy/EXP10C_n_obs_LST_2024.tif,True,0.2364788055419922
2025,NDVI,EXP10C_NDVI_robust01_train_2025.tif,/content/drive/MyDrive/Barranquilla_LST_2013_2026_Modeling/05_normalized_products/v6_train_only_mixed_strategy/EXP10C_NDVI_robust01_train_2025.tif,True,2.798452377319336
2025,NDMI,EXP10C_NDMI_robust01_train_2025.tif,/content/drive/MyDrive/Barranquilla_LST_2013_2026_Modeling/05_normalized_products/v6_train_only_mixed_strategy/EXP10C_NDMI_robust01_train_2025.tif,True,2.8687238693237305
2025,NDBI,EXP10C_NDBI_robust01_train_2025.tif,/content/drive/MyDrive/Barranquilla_LST_2013_2026_Modeling/05_normalized_products/v6_train_only_mixed_strategy/EXP10C_NDBI_robust01_train_2025.tif,True,2.897653579711914
2025,UI,EXP10C_UI_robust01_train_2025.tif,/content/drive/MyDrive/Barranquilla_LST_2013_2026_Modeling/05_normalized_products/v6_train_only_mixed_strategy/EXP10C_UI_robust01_train_2025.tif,True,2.9068031311035156
2025,SAVI,EXP10C_SAVI_robust01_train_2025.tif,/content/drive/MyDrive/Barranquilla_LST_2013_2026_Modeling/05_normalized_products/v6_train_only_mixed_strategy/EXP10C_SAVI_robust01_train_2025.tif,True,2.9065237045288086
2025,BSI,EXP10C_BSI_robust01_train_2025.tif,/content/drive/MyDrive/Barranquilla_LST_2013_2026_Modeling/05_normalized_products/v6_train_only_mixed_strategy/EXP10C_BSI_robust01_train_2025.tif,True,2.930145263671875
2025,LST,EXP10C_LST_zscore_train_2025.tif,/content/drive/MyDrive/Barranquilla_LST_2013_2026_Modeling/05_normalized_products/v6_train_only_mixed_strategy/EXP10C_LST_zscore_train_2025.tif,True,2.1703319549560547
2025,n_obs_indices,EXP10C_n_obs_indices_2025.tif,/content/drive/MyDrive/Barranquilla_LST_2013_2026_Modeling/05_normalized_products/v6_train_only_mixed_strategy/EXP10C_n_obs_indices_2025.tif,True,0.28180980682373047
2025,n_obs_LST,EXP10C_n_obs_LST_2025.tif,/content/drive/MyDrive/Barranquilla_LST_2013_2026_Modeling/05_normalized_products/v6_train_only_mixed_strategy/EXP10C_n_obs_LST_2025.tif,True,0.27913379669189453
